-- MySQL dump 10.13  Distrib 8.0.43, for Win64 (x86_64)
--
-- Host: localhost    Database: splatoon_3_weapons
-- ------------------------------------------------------
-- Server version	8.4.8

/*!40101 SET @OLD_CHARACTER_SET_CLIENT=@@CHARACTER_SET_CLIENT */;
/*!40101 SET @OLD_CHARACTER_SET_RESULTS=@@CHARACTER_SET_RESULTS */;
/*!40101 SET @OLD_COLLATION_CONNECTION=@@COLLATION_CONNECTION */;
/*!50503 SET NAMES utf8 */;
/*!40103 SET @OLD_TIME_ZONE=@@TIME_ZONE */;
/*!40103 SET TIME_ZONE='+00:00' */;
/*!40014 SET @OLD_UNIQUE_CHECKS=@@UNIQUE_CHECKS, UNIQUE_CHECKS=0 */;
/*!40014 SET @OLD_FOREIGN_KEY_CHECKS=@@FOREIGN_KEY_CHECKS, FOREIGN_KEY_CHECKS=0 */;
/*!40101 SET @OLD_SQL_MODE=@@SQL_MODE, SQL_MODE='NO_AUTO_VALUE_ON_ZERO' */;
/*!40111 SET @OLD_SQL_NOTES=@@SQL_NOTES, SQL_NOTES=0 */;
SET @MYSQLDUMP_TEMP_LOG_BIN = @@SESSION.SQL_LOG_BIN;
SET @@SESSION.SQL_LOG_BIN= 0;

--
-- GTID state at the beginning of the backup 
--

SET @@GLOBAL.GTID_PURGED=/*!80000 '+'*/ '';

--
-- Table structure for table `firing_mode_lookup`
--

DROP TABLE IF EXISTS `firing_mode_lookup`;
/*!40101 SET @saved_cs_client     = @@character_set_client */;
/*!50503 SET character_set_client = utf8mb4 */;
CREATE TABLE `firing_mode_lookup` (
  `id` int NOT NULL AUTO_INCREMENT,
  `firing_mode_name` varchar(50) NOT NULL,
  PRIMARY KEY (`id`),
  UNIQUE KEY `firing_mode_name` (`firing_mode_name`)
) ENGINE=InnoDB AUTO_INCREMENT=16 DEFAULT CHARSET=utf8mb4 COLLATE=utf8mb4_0900_ai_ci;
/*!40101 SET character_set_client = @saved_cs_client */;

--
-- Dumping data for table `firing_mode_lookup`
--

LOCK TABLES `firing_mode_lookup` WRITE;
/*!40000 ALTER TABLE `firing_mode_lookup` DISABLE KEYS */;
INSERT INTO `firing_mode_lookup` VALUES (11,'Brella Launch'),(2,'Continuous Fire'),(1,'First Shot'),(4,'From Standing'),(3,'From Swim Form'),(10,'Full Charge'),(13,'Grounded Shot'),(6,'Horizontal Swing/Slash'),(12,'Jump Shot'),(9,'Partial Charge'),(15,'Remaining Shots'),(5,'Rolling'),(14,'Tap Shot'),(8,'Turret Mode'),(7,'Vertical Swing/Slash');
/*!40000 ALTER TABLE `firing_mode_lookup` ENABLE KEYS */;
UNLOCK TABLES;

--
-- Table structure for table `inkfish`
--

DROP TABLE IF EXISTS `inkfish`;
/*!40101 SET @saved_cs_client     = @@character_set_client */;
/*!50503 SET character_set_client = utf8mb4 */;
CREATE TABLE `inkfish` (
  `id` int NOT NULL AUTO_INCREMENT,
  `name` varchar(255) DEFAULT NULL,
  `color_chip` varchar(255) DEFAULT NULL,
  PRIMARY KEY (`id`)
) ENGINE=InnoDB AUTO_INCREMENT=2 DEFAULT CHARSET=utf8mb4 COLLATE=utf8mb4_0900_ai_ci;
/*!40101 SET character_set_client = @saved_cs_client */;

--
-- Dumping data for table `inkfish`
--

LOCK TABLES `inkfish` WRITE;
/*!40000 ALTER TABLE `inkfish` DISABLE KEYS */;
INSERT INTO `inkfish` VALUES (1,'Azhdarcho','$2a$12$4o9fl7OV5zmpsYuh1F4J8uy/HiTWu6lONXssxSGndhzdD3AR9ciOC');
/*!40000 ALTER TABLE `inkfish` ENABLE KEYS */;
UNLOCK TABLES;

--
-- Table structure for table `modes`
--

DROP TABLE IF EXISTS `modes`;
/*!40101 SET @saved_cs_client     = @@character_set_client */;
/*!50503 SET character_set_client = utf8mb4 */;
CREATE TABLE `modes` (
  `mode_id` int NOT NULL AUTO_INCREMENT,
  `mode_name` varchar(45) NOT NULL,
  `secret_name` varchar(45) NOT NULL,
  PRIMARY KEY (`mode_id`)
) ENGINE=InnoDB AUTO_INCREMENT=6 DEFAULT CHARSET=utf8mb4 COLLATE=utf8mb4_0900_ai_ci;
/*!40101 SET character_set_client = @saved_cs_client */;

--
-- Dumping data for table `modes`
--

LOCK TABLES `modes` WRITE;
/*!40000 ALTER TABLE `modes` DISABLE KEYS */;
INSERT INTO `modes` VALUES (1,'Turf Wars','nawabari'),(2,'Splat Zones','area'),(3,'Tower Control','yagura'),(4,'Rainmaker','hoko'),(5,'Clam Blitz','asari');
/*!40000 ALTER TABLE `modes` ENABLE KEYS */;
UNLOCK TABLES;

--
-- Table structure for table `special_weapons`
--

DROP TABLE IF EXISTS `special_weapons`;
/*!40101 SET @saved_cs_client     = @@character_set_client */;
/*!50503 SET character_set_client = utf8mb4 */;
CREATE TABLE `special_weapons` (
  `special_weapon_id` int NOT NULL AUTO_INCREMENT,
  `special_weapon_name` varchar(45) DEFAULT NULL,
  PRIMARY KEY (`special_weapon_id`)
) ENGINE=InnoDB AUTO_INCREMENT=20 DEFAULT CHARSET=utf8mb4 COLLATE=utf8mb4_0900_ai_ci;
/*!40101 SET character_set_client = @saved_cs_client */;

--
-- Dumping data for table `special_weapons`
--

LOCK TABLES `special_weapons` WRITE;
/*!40000 ALTER TABLE `special_weapons` DISABLE KEYS */;
INSERT INTO `special_weapons` VALUES (1,'Trizooka'),(2,'Big Bubbler'),(3,'Zipcaster'),(4,'Tenta Missiles'),(5,'Ink Storm'),(6,'Booyah Bomb'),(7,'Kraken Royale'),(8,'Wave Breaker'),(9,'Ink Vac'),(10,'Killer Wail 5.1'),(11,'Inkjet'),(12,'Ultra Stamp'),(13,'Crab Tank'),(14,'Reefslider'),(15,'Triple Inkstrike'),(16,'Tacticooler'),(17,'Super Chump'),(18,'Splattercolor Screen'),(19,'Triple Splashdown');
/*!40000 ALTER TABLE `special_weapons` ENABLE KEYS */;
UNLOCK TABLES;

--
-- Table structure for table `stages`
--

DROP TABLE IF EXISTS `stages`;
/*!40101 SET @saved_cs_client     = @@character_set_client */;
/*!50503 SET character_set_client = utf8mb4 */;
CREATE TABLE `stages` (
  `stage_id` int NOT NULL AUTO_INCREMENT,
  `stage_name` varchar(45) NOT NULL,
  `secret_name` varchar(45) NOT NULL,
  PRIMARY KEY (`stage_id`)
) ENGINE=InnoDB AUTO_INCREMENT=27 DEFAULT CHARSET=utf8mb4 COLLATE=utf8mb4_0900_ai_ci;
/*!40101 SET character_set_client = @saved_cs_client */;

--
-- Dumping data for table `stages`
--

LOCK TABLES `stages` WRITE;
/*!40000 ALTER TABLE `stages` DISABLE KEYS */;
INSERT INTO `stages` VALUES (1,'Barnacle & Dime','taraport'),(2,'Bluefin Depot','negitoro'),(3,'Brinewater Springs','kusaya'),(4,'Crableg Capital','takaashi'),(5,'Eeltail Alley','gonzui'),(6,'Flounder Heights','hirame'),(7,'Grand Splatlands Bowl','grand_arena'),(8,'Hagglefish Market','yagara'),(9,'Hammerhead Bridge','masaba'),(10,'Humpback Pump Track','kombu'),(11,'Inkblot Art Academy','amabi'),(12,'Lemuria Hub','ryugu'),(13,'Mahi-Mahi Resort','mahimahi'),(14,'MakoMart','zatou'),(15,'Manta Maria','manta'),(16,'Marlin Airport','kajiki'),(17,'Mincemeat Metalworks','namero'),(18,'Museum d\'Alfonsino','kinmedai'),(19,'Robo ROM-en','baigai'),(20,'Scorch Gorge','yunohana'),(21,'Shipshape Cargo Co.','ohyo'),(22,'Sturgeon Shipyard','chozame'),(23,'Um\'ami Ruins','nampla'),(24,'Undertow Spillway','mategai'),(25,'Urchin Underpass','decaline'),(26,'Wahoo World','sumeshi');
/*!40000 ALTER TABLE `stages` ENABLE KEYS */;
UNLOCK TABLES;

--
-- Table structure for table `subweapons`
--

DROP TABLE IF EXISTS `subweapons`;
/*!40101 SET @saved_cs_client     = @@character_set_client */;
/*!50503 SET character_set_client = utf8mb4 */;
CREATE TABLE `subweapons` (
  `subweapon_id` int NOT NULL AUTO_INCREMENT,
  `subweapon_name` varchar(45) DEFAULT NULL,
  PRIMARY KEY (`subweapon_id`)
) ENGINE=InnoDB AUTO_INCREMENT=15 DEFAULT CHARSET=utf8mb4 COLLATE=utf8mb4_0900_ai_ci;
/*!40101 SET character_set_client = @saved_cs_client */;

--
-- Dumping data for table `subweapons`
--

LOCK TABLES `subweapons` WRITE;
/*!40000 ALTER TABLE `subweapons` DISABLE KEYS */;
INSERT INTO `subweapons` VALUES (1,'Splat Bomb'),(2,'Suction Bomb'),(3,'Burst Bomb'),(4,'Curling Bomb'),(5,'Autobomb'),(6,'Ink Mine'),(7,'Toxic Mist'),(8,'Point Sensor'),(9,'Splash Wall'),(10,'Sprinkler'),(11,'Squid Beakon'),(12,'Fizzy Bomb'),(13,'Torpedo'),(14,'Angle Shooter');
/*!40000 ALTER TABLE `subweapons` ENABLE KEYS */;
UNLOCK TABLES;

--
-- Table structure for table `weapon_type`
--

DROP TABLE IF EXISTS `weapon_type`;
/*!40101 SET @saved_cs_client     = @@character_set_client */;
/*!50503 SET character_set_client = utf8mb4 */;
CREATE TABLE `weapon_type` (
  `weapon_type_id` int NOT NULL AUTO_INCREMENT,
  `weapon_type_name` varchar(45) DEFAULT NULL,
  PRIMARY KEY (`weapon_type_id`)
) ENGINE=InnoDB AUTO_INCREMENT=12 DEFAULT CHARSET=utf8mb4 COLLATE=utf8mb4_0900_ai_ci;
/*!40101 SET character_set_client = @saved_cs_client */;

--
-- Dumping data for table `weapon_type`
--

LOCK TABLES `weapon_type` WRITE;
/*!40000 ALTER TABLE `weapon_type` DISABLE KEYS */;
INSERT INTO `weapon_type` VALUES (1,'Shooters'),(2,'Rollers'),(3,'Chargers'),(4,'Sloshers'),(5,'Splatlings'),(6,'Dualies'),(7,'Brellas'),(8,'Blasters'),(9,'Brushes'),(10,'Stringers'),(11,'Splatanas');
/*!40000 ALTER TABLE `weapon_type` ENABLE KEYS */;
UNLOCK TABLES;

--
-- Table structure for table `weapons`
--

DROP TABLE IF EXISTS `weapons`;
/*!40101 SET @saved_cs_client     = @@character_set_client */;
/*!50503 SET character_set_client = utf8mb4 */;
CREATE TABLE `weapons` (
  `weapon_id` int NOT NULL AUTO_INCREMENT,
  `weapon_name` varchar(45) DEFAULT NULL,
  `subweapon_id` int DEFAULT NULL,
  `special_weapon_id` int DEFAULT NULL,
  `class_id` int DEFAULT NULL,
  `matchmaking_range` decimal(10,1) DEFAULT NULL,
  `weight_id` int DEFAULT NULL,
  `special_points` int DEFAULT NULL,
  `range_actual` int DEFAULT NULL,
  `secret_name` varchar(50) DEFAULT NULL,
  `avg_paint_per_match` float DEFAULT NULL,
  `firing_modes` json DEFAULT NULL,
  PRIMARY KEY (`weapon_id`),
  KEY `fk_weapons_subweapon` (`subweapon_id`),
  KEY `fk_weapons_specialweapon` (`special_weapon_id`),
  KEY `fk_weapons_weapontype` (`class_id`),
  KEY `fk_weapons_weight` (`weight_id`),
  CONSTRAINT `fk_weapons_specialweapon` FOREIGN KEY (`special_weapon_id`) REFERENCES `special_weapons` (`special_weapon_id`),
  CONSTRAINT `fk_weapons_subweapon` FOREIGN KEY (`subweapon_id`) REFERENCES `subweapons` (`subweapon_id`),
  CONSTRAINT `fk_weapons_weapontype` FOREIGN KEY (`class_id`) REFERENCES `weapon_type` (`weapon_type_id`),
  CONSTRAINT `fk_weapons_weight` FOREIGN KEY (`weight_id`) REFERENCES `weight` (`weight_id`)
) ENGINE=InnoDB AUTO_INCREMENT=174 DEFAULT CHARSET=utf8mb4 COLLATE=utf8mb4_0900_ai_ci;
/*!40101 SET character_set_client = @saved_cs_client */;

--
-- Dumping data for table `weapons`
--

LOCK TABLES `weapons` WRITE;
/*!40000 ALTER TABLE `weapons` DISABLE KEYS */;
INSERT INTO `weapons` VALUES (1,'Sploosh-o-matic',4,12,1,8.2,1,190,12,'bold',1010.4,'[{\"maxDamage\": 38.0, \"minDamage\": 19.0, \"hasOneshot\": false, \"windupFrames\": 0, \"inkEfficiency\": 0.8, \"effectiveRange\": 7.17, \"firingModeName\": \"Continuous Fire\", \"actionIntervalFrames\": 5}]'),(2,'Neo Sploosh-o-matic',11,10,1,8.2,1,170,12,'bold_neo',951.6,'[{\"maxDamage\": 38.0, \"minDamage\": 19.0, \"hasOneshot\": false, \"windupFrames\": 0, \"inkEfficiency\": 0.8, \"effectiveRange\": 7.17, \"firingModeName\": \"Continuous Fire\", \"actionIntervalFrames\": 5}]'),(3,'Splattershot Jr.',1,2,1,11.3,1,180,36,'wakaba',1156.8,'[{\"maxDamage\": 28.0, \"minDamage\": 14.0, \"hasOneshot\": false, \"windupFrames\": 0, \"inkEfficiency\": 0.43, \"effectiveRange\": 10.19, \"firingModeName\": \"Continuous Fire\", \"actionIntervalFrames\": 5}]'),(4,'Custom Splattershot Jr',13,8,1,11.3,1,190,36,'momiji',1044.5,'[{\"maxDamage\": 28.0, \"minDamage\": 14.0, \"hasOneshot\": false, \"windupFrames\": 0, \"inkEfficiency\": 0.43, \"effectiveRange\": 10.19, \"firingModeName\": \"Continuous Fire\", \"actionIntervalFrames\": 5}]'),(5,'Splash-o-matic',3,13,1,12.1,1,210,43,'sharp',996.7,'[{\"maxDamage\": 28.0, \"minDamage\": 14.0, \"hasOneshot\": false, \"windupFrames\": 0, \"inkEfficiency\": 0.43, \"effectiveRange\": 10.19, \"firingModeName\": \"Continuous Fire\", \"actionIntervalFrames\": 5}]'),(6,'Neo Splash-o-matic',2,15,1,12.1,1,200,43,'sharp_neo',1137.7,'[{\"maxDamage\": 28.0, \"minDamage\": 14.0, \"hasOneshot\": false, \"windupFrames\": 0, \"inkEfficiency\": 0.43, \"effectiveRange\": 10.19, \"firingModeName\": \"Continuous Fire\", \"actionIntervalFrames\": 5}]'),(7,'Splash-o-matic GCK-O',7,5,1,12.1,1,180,43,'sharp_geck',951.3,'[{\"maxDamage\": 28.0, \"minDamage\": 14.0, \"hasOneshot\": false, \"windupFrames\": 0, \"inkEfficiency\": 0.43, \"effectiveRange\": 10.19, \"firingModeName\": \"Continuous Fire\", \"actionIntervalFrames\": 5}]'),(8,'Aerospray MG',12,14,1,11.3,1,180,36,'promodeler_mg',1258.9,'[{\"maxDamage\": 24.0, \"minDamage\": 12.0, \"hasOneshot\": false, \"windupFrames\": 0, \"inkEfficiency\": 0.5, \"effectiveRange\": 10.19, \"firingModeName\": \"Continuous Fire\", \"actionIntervalFrames\": 4}]'),(9,'Aerospray RG',10,6,1,11.3,1,190,36,'promodeler_rg',1436.1,'[{\"maxDamage\": 24.0, \"minDamage\": 12.0, \"hasOneshot\": false, \"windupFrames\": 0, \"inkEfficiency\": 0.5, \"effectiveRange\": 10.19, \"firingModeName\": \"Continuous Fire\", \"actionIntervalFrames\": 4}]'),(10,'Colorz Aerospray',3,18,1,11.3,1,180,36,'promodeler_sai',1225.3,'[{\"maxDamage\": 24.0, \"minDamage\": 12.0, \"hasOneshot\": false, \"windupFrames\": 0, \"inkEfficiency\": 0.5, \"effectiveRange\": 10.19, \"firingModeName\": \"Continuous Fire\", \"actionIntervalFrames\": 4}]'),(11,'Splattershot',2,1,1,12.9,2,200,52,'sshooter',1007.8,'[{\"maxDamage\": 36.0, \"minDamage\": 18.0, \"hasOneshot\": false, \"windupFrames\": 0, \"inkEfficiency\": 0.92, \"effectiveRange\": 11.56, \"firingModeName\": \"Continuous Fire\", \"actionIntervalFrames\": 6}]'),(12,'Tentatek Spattershot',1,15,1,12.9,2,190,52,'sshooter_collabo',1044.5,'[{\"maxDamage\": 36.0, \"minDamage\": 18.0, \"hasOneshot\": false, \"windupFrames\": 0, \"inkEfficiency\": 0.92, \"effectiveRange\": 11.56, \"firingModeName\": \"Continuous Fire\", \"actionIntervalFrames\": 6}]'),(13,'Glamorz Splattershot',3,7,1,12.9,2,190,52,'sshooter_kou',873.1,'[{\"maxDamage\": 36.0, \"minDamage\": 18.0, \"hasOneshot\": false, \"windupFrames\": 0, \"inkEfficiency\": 0.92, \"effectiveRange\": 11.56, \"firingModeName\": \"Continuous Fire\", \"actionIntervalFrames\": 6}]'),(14,'Hero Shot Replica',2,1,1,12.9,2,100,52,'heroshooter_replica',1053.7,'[{\"maxDamage\": 36.0, \"minDamage\": 18.0, \"hasOneshot\": false, \"windupFrames\": 0, \"inkEfficiency\": 0.92, \"effectiveRange\": 11.56, \"firingModeName\": \"Continuous Fire\", \"actionIntervalFrames\": 6}]'),(15,'Octo Shot Replica',2,1,1,12.9,2,200,52,'octoshooter_replica',1061,'[{\"maxDamage\": 36.0, \"minDamage\": 18.0, \"hasOneshot\": false, \"windupFrames\": 0, \"inkEfficiency\": 0.92, \"effectiveRange\": 11.56, \"firingModeName\": \"Continuous Fire\", \"actionIntervalFrames\": 6}]'),(16,'Order Shot Replica',2,1,1,12.9,2,200,52,'order_shooter_replica',1037.6,'[{\"maxDamage\": 36.0, \"minDamage\": 18.0, \"hasOneshot\": false, \"windupFrames\": 0, \"inkEfficiency\": 0.92, \"effectiveRange\": 11.56, \"firingModeName\": \"Continuous Fire\", \"actionIntervalFrames\": 6}]'),(17,'.52 Gal',9,10,1,13.3,2,200,55,'52gal',902.2,'[{\"maxDamage\": 52.0, \"minDamage\": 26.0, \"hasOneshot\": false, \"windupFrames\": 0, \"inkEfficiency\": 1.5, \"effectiveRange\": 12.35, \"firingModeName\": \"Continuous Fire\", \"actionIntervalFrames\": 9}]'),(18,'.52 Gal Deco',4,18,1,13.3,2,190,55,'52gal_deco',1020.5,'[{\"maxDamage\": 52.0, \"minDamage\": 26.0, \"hasOneshot\": false, \"windupFrames\": 0, \"inkEfficiency\": 1.5, \"effectiveRange\": 12.35, \"firingModeName\": \"Continuous Fire\", \"actionIntervalFrames\": 9}]'),(19,'N-Zap \'85',2,16,1,12.5,1,200,50,'nzap85',1061.4,'[{\"maxDamage\": 30.0, \"minDamage\": 15.0, \"hasOneshot\": false, \"windupFrames\": 0, \"inkEfficiency\": 0.8, \"effectiveRange\": 11.23, \"firingModeName\": \"Continuous Fire\", \"actionIntervalFrames\": 5}]'),(20,'N-Zap \'89',5,17,1,12.5,1,170,50,'nzap89',1126.2,'[{\"maxDamage\": 30.0, \"minDamage\": 15.0, \"hasOneshot\": false, \"windupFrames\": 0, \"inkEfficiency\": 0.8, \"effectiveRange\": 11.23, \"firingModeName\": \"Continuous Fire\", \"actionIntervalFrames\": 5}]'),(21,'Splattershot Pro',14,13,1,17.0,2,190,70,'prime',893.6,'[{\"maxDamage\": 45.0, \"minDamage\": 23.0, \"hasOneshot\": false, \"windupFrames\": 0, \"inkEfficiency\": 2.0, \"effectiveRange\": 15.09, \"firingModeName\": \"Continuous Fire\", \"actionIntervalFrames\": 8}]'),(22,'Forge Splattershot Pro',2,6,1,17.0,2,200,70,'prime_collabo',1034.9,'[{\"maxDamage\": 45.0, \"minDamage\": 23.0, \"hasOneshot\": false, \"windupFrames\": 0, \"inkEfficiency\": 2.0, \"effectiveRange\": 15.09, \"firingModeName\": \"Continuous Fire\", \"actionIntervalFrames\": 8}]'),(23,'Splattershot Pro FRZ-N',1,4,1,17.0,2,190,70,'prime_frzn',1057.4,'[{\"maxDamage\": 45.0, \"minDamage\": 23.0, \"hasOneshot\": false, \"windupFrames\": 0, \"inkEfficiency\": 2.0, \"effectiveRange\": 15.09, \"firingModeName\": \"Continuous Fire\", \"actionIntervalFrames\": 8}]'),(24,'.96 Gal',10,9,1,18.0,2,190,74,'96gal',1097.2,'[{\"maxDamage\": 62.0, \"minDamage\": 35.0, \"hasOneshot\": false, \"windupFrames\": 0, \"inkEfficiency\": 2.3, \"effectiveRange\": 16.0, \"firingModeName\": \"Continuous Fire\", \"actionIntervalFrames\": 12}]'),(25,'.96 Gal Deco',9,7,1,18.0,2,210,74,'96gal_deco',904.5,'[{\"maxDamage\": 62.0, \"minDamage\": 35.0, \"hasOneshot\": false, \"windupFrames\": 0, \"inkEfficiency\": 2.3, \"effectiveRange\": 16.0, \"firingModeName\": \"Continuous Fire\", \"actionIntervalFrames\": 12}]'),(26,'Clawz .96 Gal',14,16,1,18.0,2,190,74,'96gal_sou',947.4,'[{\"maxDamage\": 62.0, \"minDamage\": 35.0, \"hasOneshot\": false, \"windupFrames\": 0, \"inkEfficiency\": 2.3, \"effectiveRange\": 16.0, \"firingModeName\": \"Continuous Fire\", \"actionIntervalFrames\": 12}]'),(27,'Jet Squelcher',14,9,1,22.5,2,180,82,'jetsweeper',888.1,'[{\"maxDamage\": 32.0, \"minDamage\": 16.0, \"hasOneshot\": false, \"windupFrames\": 0, \"inkEfficiency\": 1.6, \"effectiveRange\": 20.33, \"firingModeName\": \"Continuous Fire\", \"actionIntervalFrames\": 8}]'),(28,'Custom Jet Squelcher',7,5,1,22.5,2,180,82,'jetsweeper_custom',1121.2,'[{\"maxDamage\": 32.0, \"minDamage\": 16.0, \"hasOneshot\": false, \"windupFrames\": 0, \"inkEfficiency\": 1.6, \"effectiveRange\": 20.33, \"firingModeName\": \"Continuous Fire\", \"actionIntervalFrames\": 8}]'),(29,'Jet Squelcher COB-R',3,19,1,22.5,2,190,82,'jetsweeper_cobr',1052.9,'[{\"maxDamage\": 32.0, \"minDamage\": 16.0, \"hasOneshot\": false, \"windupFrames\": 0, \"inkEfficiency\": 1.6, \"effectiveRange\": 20.33, \"firingModeName\": \"Continuous Fire\", \"actionIntervalFrames\": 8}]'),(30,'Splattershot Nova',8,10,1,16.0,2,190,68,'spaceshooter',1042.9,'[{\"maxDamage\": 24.0, \"minDamage\": 12.0, \"hasOneshot\": false, \"windupFrames\": 0, \"inkEfficiency\": 0.96, \"effectiveRange\": 14.86, \"firingModeName\": \"Continuous Fire\", \"actionIntervalFrames\": 6}]'),(31,'Annaki Splattershot Nova',6,11,1,16.0,2,210,68,'spaceshooter_collabo',1209.5,'[{\"maxDamage\": 24.0, \"minDamage\": 12.0, \"hasOneshot\": false, \"windupFrames\": 0, \"inkEfficiency\": 0.96, \"effectiveRange\": 14.86, \"firingModeName\": \"Continuous Fire\", \"actionIntervalFrames\": 6}]'),(32,'Luna Blaster',1,3,8,11.2,1,170,18,'nova',794.9,'[{\"maxDamage\": 125.0, \"minDamage\": 50.0, \"hasOneshot\": true, \"windupFrames\": 14, \"inkEfficiency\": 7.5, \"effectiveRange\": 7.65, \"firingModeName\": \"From Standing\", \"actionIntervalFrames\": 40}, {\"maxDamage\": 125.0, \"minDamage\": 50.0, \"hasOneshot\": true, \"windupFrames\": 24, \"inkEfficiency\": 7.5, \"effectiveRange\": 7.65, \"firingModeName\": \"From Swim Form\", \"actionIntervalFrames\": 40}]'),(33,'Luna Blaster Neo',12,12,8,11.2,1,190,18,'nova_neo',757.5,'[{\"maxDamage\": 125.0, \"minDamage\": 50.0, \"hasOneshot\": true, \"windupFrames\": 14, \"inkEfficiency\": 7.5, \"effectiveRange\": 7.65, \"firingModeName\": \"From Standing\", \"actionIntervalFrames\": 40}, {\"maxDamage\": 125.0, \"minDamage\": 50.0, \"hasOneshot\": true, \"windupFrames\": 24, \"inkEfficiency\": 7.5, \"effectiveRange\": 7.65, \"firingModeName\": \"From Swim Form\", \"actionIntervalFrames\": 40}]'),(34,'Order Blaster Replica',1,3,8,11.2,1,170,18,'order_blaster_replica',791.9,'[{\"maxDamage\": 125.0, \"minDamage\": 50.0, \"hasOneshot\": true, \"windupFrames\": 14, \"inkEfficiency\": 7.5, \"effectiveRange\": 7.65, \"firingModeName\": \"From Standing\", \"actionIntervalFrames\": 40}, {\"maxDamage\": 125.0, \"minDamage\": 50.0, \"hasOneshot\": true, \"windupFrames\": 24, \"inkEfficiency\": 7.5, \"effectiveRange\": 7.65, \"firingModeName\": \"From Swim Form\", \"actionIntervalFrames\": 40}]'),(35,'Blaster',5,2,8,13.3,2,190,27,'hotblaster',746.5,'[{\"maxDamage\": 125.0, \"minDamage\": 50.0, \"hasOneshot\": true, \"windupFrames\": 14, \"inkEfficiency\": 10.0, \"effectiveRange\": 10.14, \"firingModeName\": \"From Standing\", \"actionIntervalFrames\": 50}, {\"maxDamage\": 125.0, \"minDamage\": 50.0, \"hasOneshot\": true, \"windupFrames\": 24, \"inkEfficiency\": 10.0, \"effectiveRange\": 10.14, \"firingModeName\": \"From Swim Form\", \"actionIntervalFrames\": 50}]'),(36,'Custom Blaster',8,19,8,13.3,2,190,27,'hotblaster_custom',712,'[{\"maxDamage\": 125.0, \"minDamage\": 50.0, \"hasOneshot\": true, \"windupFrames\": 14, \"inkEfficiency\": 10.0, \"effectiveRange\": 10.14, \"firingModeName\": \"From Standing\", \"actionIntervalFrames\": 50}, {\"maxDamage\": 125.0, \"minDamage\": 50.0, \"hasOneshot\": true, \"windupFrames\": 24, \"inkEfficiency\": 10.0, \"effectiveRange\": 10.14, \"firingModeName\": \"From Swim Form\", \"actionIntervalFrames\": 50}]'),(37,'Gleamz Blaster',11,13,8,13.3,2,180,27,'hotblaster_en',708.8,'[{\"maxDamage\": 125.0, \"minDamage\": 50.0, \"hasOneshot\": true, \"windupFrames\": 14, \"inkEfficiency\": 10.0, \"effectiveRange\": 10.14, \"firingModeName\": \"From Standing\", \"actionIntervalFrames\": 50}, {\"maxDamage\": 125.0, \"minDamage\": 50.0, \"hasOneshot\": true, \"windupFrames\": 24, \"inkEfficiency\": 10.0, \"effectiveRange\": 10.14, \"firingModeName\": \"From Swim Form\", \"actionIntervalFrames\": 50}]'),(38,'Range Blaster',2,8,8,17.0,2,210,56,'longblaster',748.4,'[{\"maxDamage\": 125.0, \"minDamage\": 50.0, \"hasOneshot\": true, \"windupFrames\": 14, \"inkEfficiency\": 11.0, \"effectiveRange\": 13.61, \"firingModeName\": \"From Standing\", \"actionIntervalFrames\": 60}, {\"maxDamage\": 125.0, \"minDamage\": 50.0, \"hasOneshot\": true, \"windupFrames\": 24, \"inkEfficiency\": 11.0, \"effectiveRange\": 13.61, \"firingModeName\": \"From Swim Form\", \"actionIntervalFrames\": 60}]'),(39,'Custom Range Blaster',1,7,8,17.0,2,210,56,'longblaster_custom',728.6,'[{\"maxDamage\": 125.0, \"minDamage\": 50.0, \"hasOneshot\": true, \"windupFrames\": 14, \"inkEfficiency\": 11.0, \"effectiveRange\": 13.61, \"firingModeName\": \"From Standing\", \"actionIntervalFrames\": 60}, {\"maxDamage\": 125.0, \"minDamage\": 50.0, \"hasOneshot\": true, \"windupFrames\": 24, \"inkEfficiency\": 11.0, \"effectiveRange\": 13.61, \"firingModeName\": \"From Swim Form\", \"actionIntervalFrames\": 60}]'),(40,'Clash Blaster',1,1,8,11.0,1,180,21,'clashblaster',769.3,'[{\"maxDamage\": 60.0, \"minDamage\": 30.0, \"hasOneshot\": false, \"windupFrames\": 20, \"inkEfficiency\": 4.0, \"effectiveRange\": 9.14, \"firingModeName\": \"Continuous Fire\", \"actionIntervalFrames\": 20}]'),(41,'Clash Blaster Neo',4,17,8,11.0,1,170,21,'clashblaster_neo',926.7,'[{\"maxDamage\": 60.0, \"minDamage\": 30.0, \"hasOneshot\": false, \"windupFrames\": 20, \"inkEfficiency\": 4.0, \"effectiveRange\": 9.14, \"firingModeName\": \"Continuous Fire\", \"actionIntervalFrames\": 20}]'),(42,'Rapid Blaster',6,15,8,16.7,2,190,62,'rapid',1026,'[{\"maxDamage\": 85.0, \"minDamage\": 35.0, \"hasOneshot\": false, \"windupFrames\": 12, \"inkEfficiency\": 7.0, \"effectiveRange\": 15.11, \"firingModeName\": \"From Standing\", \"actionIntervalFrames\": 35}, {\"maxDamage\": 85.0, \"minDamage\": 35.0, \"hasOneshot\": false, \"windupFrames\": 20, \"inkEfficiency\": 7.0, \"effectiveRange\": 15.11, \"firingModeName\": \"From Swim Form\", \"actionIntervalFrames\": 35}]'),(43,'Rapid Blaster Deco',13,11,8,16.7,2,210,62,'rapid_deco',903.1,'[{\"maxDamage\": 85.0, \"minDamage\": 35.0, \"hasOneshot\": false, \"windupFrames\": 12, \"inkEfficiency\": 7.0, \"effectiveRange\": 15.11, \"firingModeName\": \"From Standing\", \"actionIntervalFrames\": 35}, {\"maxDamage\": 85.0, \"minDamage\": 35.0, \"hasOneshot\": false, \"windupFrames\": 20, \"inkEfficiency\": 7.0, \"effectiveRange\": 15.11, \"firingModeName\": \"From Swim Form\", \"actionIntervalFrames\": 35}]'),(44,'Rapid Blaster Pro',7,9,8,19.2,2,180,72,'rapid_elite',768,'[{\"maxDamage\": 85.0, \"minDamage\": 35.0, \"hasOneshot\": false, \"windupFrames\": 12, \"inkEfficiency\": 9.12, \"effectiveRange\": 17.61, \"firingModeName\": \"From Standing\", \"actionIntervalFrames\": 40}, {\"maxDamage\": 85.0, \"minDamage\": 35.0, \"hasOneshot\": false, \"windupFrames\": 21, \"inkEfficiency\": 9.12, \"effectiveRange\": 17.61, \"firingModeName\": \"From Swim Form\", \"actionIntervalFrames\": 40}]'),(45,'Rapid Blaster Pro Deco',14,10,8,19.2,2,200,72,'rapid_elite_deco',801.4,'[{\"maxDamage\": 85.0, \"minDamage\": 35.0, \"hasOneshot\": false, \"windupFrames\": 12, \"inkEfficiency\": 9.12, \"effectiveRange\": 17.61, \"firingModeName\": \"From Standing\", \"actionIntervalFrames\": 40}, {\"maxDamage\": 85.0, \"minDamage\": 35.0, \"hasOneshot\": false, \"windupFrames\": 21, \"inkEfficiency\": 9.12, \"effectiveRange\": 17.61, \"firingModeName\": \"From Swim Form\", \"actionIntervalFrames\": 40}]'),(46,'Rapid Blaster Pro WNT-R',2,16,8,19.2,2,200,72,'rapid_elite_wntr',913.6,'[{\"maxDamage\": 85.0, \"minDamage\": 35.0, \"hasOneshot\": false, \"windupFrames\": 12, \"inkEfficiency\": 9.12, \"effectiveRange\": 17.61, \"firingModeName\": \"From Swim Form\", \"actionIntervalFrames\": 40}, {\"maxDamage\": 85.0, \"minDamage\": 35.0, \"hasOneshot\": false, \"windupFrames\": 21, \"inkEfficiency\": 9.12, \"effectiveRange\": 17.61, \"firingModeName\": \"From Swim Form\", \"actionIntervalFrames\": 40}]'),(47,'S-BLAST \'92',10,14,8,16.5,2,180,45,'sblast92',779.7,'[{\"maxDamage\": 125.0, \"minDamage\": 50.0, \"hasOneshot\": true, \"windupFrames\": 24, \"inkEfficiency\": 9.5, \"effectiveRange\": 14.58, \"firingModeName\": \"Grounded Shot\", \"actionIntervalFrames\": 55}, {\"maxDamage\": 125.0, \"minDamage\": 50.0, \"hasOneshot\": true, \"windupFrames\": 24, \"inkEfficiency\": 9.5, \"effectiveRange\": 8.01, \"firingModeName\": \"Jump Shot\", \"actionIntervalFrames\": 55}]'),(48,'S-BLAST \'91',3,6,8,16.5,2,210,45,'sblast91',736.5,'[{\"maxDamage\": 125.0, \"minDamage\": 50.0, \"hasOneshot\": true, \"windupFrames\": 24, \"inkEfficiency\": 9.5, \"effectiveRange\": 14.58, \"firingModeName\": \"Grounded Shot\", \"actionIntervalFrames\": 55}, {\"maxDamage\": 125.0, \"minDamage\": 50.0, \"hasOneshot\": true, \"windupFrames\": 24, \"inkEfficiency\": 9.5, \"effectiveRange\": 8.01, \"firingModeName\": \"Jump Shot\", \"actionIntervalFrames\": 55}]'),(49,'L-3 Nozzlenose',4,13,1,13.5,2,190,62,'l3reelgun',1037.7,'[{\"maxDamage\": 93.0, \"minDamage\": 16.0, \"hasOneshot\": false, \"windupFrames\": 0, \"inkEfficiency\": 3.3, \"effectiveRange\": 14.05, \"firingModeName\": \"Continuous Fire\", \"actionIntervalFrames\": 8}]'),(50,'L-3 Nozzlenose D',3,12,1,13.5,2,200,62,'l3reelgun_d',924.7,'[{\"maxDamage\": 93.0, \"minDamage\": 16.0, \"hasOneshot\": false, \"windupFrames\": 0, \"inkEfficiency\": 3.3, \"effectiveRange\": 14.05, \"firingModeName\": \"Continuous Fire\", \"actionIntervalFrames\": 8}]'),(51,'Glitterz L-3 Nozzlenose',1,11,1,13.5,2,200,62,'l3reelgun_haku',1114.9,'[{\"maxDamage\": 93.0, \"minDamage\": 16.0, \"hasOneshot\": false, \"windupFrames\": 0, \"inkEfficiency\": 3.3, \"effectiveRange\": 14.05, \"firingModeName\": \"Continuous Fire\", \"actionIntervalFrames\": 8}]'),(52,'H-3 Nozzlenose',8,16,1,17.0,2,190,70,'h3reelgun',870.6,'[{\"maxDamage\": 135.0, \"minDamage\": 23.0, \"hasOneshot\": true, \"windupFrames\": 0, \"inkEfficiency\": 6.24, \"effectiveRange\": 15.09, \"firingModeName\": \"Continuous Fire\", \"actionIntervalFrames\": 20}]'),(53,'H-3 Nozzlenose D',9,2,1,17.0,2,200,70,'h3reelgun_d',977,'[{\"maxDamage\": 135.0, \"minDamage\": 23.0, \"hasOneshot\": true, \"windupFrames\": 0, \"inkEfficiency\": 6.24, \"effectiveRange\": 15.09, \"firingModeName\": \"Continuous Fire\", \"actionIntervalFrames\": 20}]'),(54,'H-3 Nozzlenose VIP-R',2,15,1,17.0,2,200,70,'h3reelgun_snak',1282.6,'[{\"maxDamage\": 135.0, \"minDamage\": 23.0, \"hasOneshot\": true, \"windupFrames\": 0, \"inkEfficiency\": 6.24, \"effectiveRange\": 15.09, \"firingModeName\": \"Continuous Fire\", \"actionIntervalFrames\": 20}]'),(55,'Squeezer',9,1,1,20.0,2,220,77,'bottlegeyser',749.3,'[{\"maxDamage\": 38.0, \"minDamage\": 15.0, \"hasOneshot\": false, \"windupFrames\": 0, \"inkEfficiency\": 2.4, \"effectiveRange\": 16.59, \"firingModeName\": \"First Shot\", \"actionIntervalFrames\": 8}, {\"maxDamage\": 30.0, \"minDamage\": 15.0, \"hasOneshot\": false, \"windupFrames\": null, \"inkEfficiency\": 1.08, \"effectiveRange\": 10.81, \"firingModeName\": \"Continuous Fire\", \"actionIntervalFrames\": 7}]'),(56,'Foil Squeezer',5,18,1,20.0,2,190,77,'bottlegeyser_foil',798.5,'[{\"maxDamage\": 38.0, \"minDamage\": 15.0, \"hasOneshot\": false, \"windupFrames\": 0, \"inkEfficiency\": 2.4, \"effectiveRange\": 16.59, \"firingModeName\": \"First Shot\", \"actionIntervalFrames\": 8}, {\"maxDamage\": 30.0, \"minDamage\": 15.0, \"hasOneshot\": false, \"windupFrames\": null, \"inkEfficiency\": 1.08, \"effectiveRange\": 10.81, \"firingModeName\": \"Continuous Fire\", \"actionIntervalFrames\": 7}]'),(57,'Carbon Roller',5,3,2,9.5,1,160,20,'carbon',738,'[{\"maxDamage\": 70.0, \"minDamage\": 70.0, \"hasOneshot\": false, \"windupFrames\": 0, \"inkEfficiency\": 6.0, \"effectiveRange\": 0.0, \"firingModeName\": \"Rolling\", \"actionIntervalFrames\": 0}, {\"maxDamage\": 100.0, \"minDamage\": 25.0, \"hasOneshot\": true, \"windupFrames\": 10, \"inkEfficiency\": 3.96, \"effectiveRange\": 4.7, \"firingModeName\": \"Horizontal Swing/Slash\", \"actionIntervalFrames\": 0}, {\"maxDamage\": 120.0, \"minDamage\": 35.0, \"hasOneshot\": true, \"windupFrames\": 12, \"inkEfficiency\": 3.96, \"effectiveRange\": 5.2, \"firingModeName\": \"Vertical Swing/Slash\", \"actionIntervalFrames\": 0}]'),(58,'Carbon Roller Deco',3,1,2,9.5,1,190,20,'carbon_deco',712.9,'[{\"maxDamage\": 70.0, \"minDamage\": 70.0, \"hasOneshot\": false, \"windupFrames\": 0, \"inkEfficiency\": 6.0, \"effectiveRange\": 0.0, \"firingModeName\": \"Rolling\", \"actionIntervalFrames\": 0}, {\"maxDamage\": 100.0, \"minDamage\": 25.0, \"hasOneshot\": true, \"windupFrames\": 10, \"inkEfficiency\": 3.96, \"effectiveRange\": 4.7, \"firingModeName\": \"Horizontal Swing/Slash\", \"actionIntervalFrames\": 0}, {\"maxDamage\": 120.0, \"minDamage\": 35.0, \"hasOneshot\": true, \"windupFrames\": 12, \"inkEfficiency\": 3.96, \"effectiveRange\": 5.2, \"firingModeName\": \"Vertical Swing/Slash\", \"actionIntervalFrames\": 0}]'),(59,'Carbon Roller ANG-L',12,17,2,9.5,1,170,20,'carbon_angl',821.7,'[{\"maxDamage\": 70.0, \"minDamage\": 70.0, \"hasOneshot\": false, \"windupFrames\": 0, \"inkEfficiency\": 6.0, \"effectiveRange\": 0.0, \"firingModeName\": \"Rolling\", \"actionIntervalFrames\": 0}, {\"maxDamage\": 100.0, \"minDamage\": 25.0, \"hasOneshot\": true, \"windupFrames\": 10, \"inkEfficiency\": 3.96, \"effectiveRange\": 4.7, \"firingModeName\": \"Horizontal Swing/Slash\", \"actionIntervalFrames\": 0}, {\"maxDamage\": 120.0, \"minDamage\": 35.0, \"hasOneshot\": true, \"windupFrames\": 12, \"inkEfficiency\": 3.96, \"effectiveRange\": 5.2, \"firingModeName\": \"Vertical Swing/Slash\", \"actionIntervalFrames\": 0}]'),(60,'Splat Roller',4,2,2,11.8,2,180,48,'splatroller',752.1,'[{\"maxDamage\": 125.0, \"minDamage\": 125.0, \"hasOneshot\": true, \"windupFrames\": 0, \"inkEfficiency\": 6.0, \"effectiveRange\": 0.0, \"firingModeName\": \"Rolling\", \"actionIntervalFrames\": 0}, {\"maxDamage\": 150.0, \"minDamage\": 35.0, \"hasOneshot\": true, \"windupFrames\": 21, \"inkEfficiency\": 8.5, \"effectiveRange\": 7.2, \"firingModeName\": \"Horizontal Swing/Slash\", \"actionIntervalFrames\": 0}, {\"maxDamage\": 150.0, \"minDamage\": 40.0, \"hasOneshot\": true, \"windupFrames\": 26, \"inkEfficiency\": 8.5, \"effectiveRange\": 8.2, \"firingModeName\": \"Vertical Swing/Slash\", \"actionIntervalFrames\": 0}]'),(61,'Krak-On Splat Roller',11,7,2,11.8,2,170,48,'splatroller_collabo',628.9,'[{\"maxDamage\": 125.0, \"minDamage\": 125.0, \"hasOneshot\": true, \"windupFrames\": 0, \"inkEfficiency\": 6.0, \"effectiveRange\": 0.0, \"firingModeName\": \"Rolling\", \"actionIntervalFrames\": 0}, {\"maxDamage\": 150.0, \"minDamage\": 35.0, \"hasOneshot\": true, \"windupFrames\": 21, \"inkEfficiency\": 8.5, \"effectiveRange\": 7.2, \"firingModeName\": \"Horizontal Swing/Slash\", \"actionIntervalFrames\": 0}, {\"maxDamage\": 150.0, \"minDamage\": 40.0, \"hasOneshot\": true, \"windupFrames\": 26, \"inkEfficiency\": 8.5, \"effectiveRange\": 8.2, \"firingModeName\": \"Vertical Swing/Slash\", \"actionIntervalFrames\": 0}]'),(62,'Order Roller Replica',4,2,2,11.8,2,180,48,'order_roller_replica',759.5,'[{\"maxDamage\": 125.0, \"minDamage\": 125.0, \"hasOneshot\": true, \"windupFrames\": 0, \"inkEfficiency\": 6.0, \"effectiveRange\": 0.0, \"firingModeName\": \"Rolling\", \"actionIntervalFrames\": 0}, {\"maxDamage\": 150.0, \"minDamage\": 35.0, \"hasOneshot\": true, \"windupFrames\": 21, \"inkEfficiency\": 8.5, \"effectiveRange\": 7.2, \"firingModeName\": \"Horizontal Swing/Slash\", \"actionIntervalFrames\": 0}, {\"maxDamage\": 150.0, \"minDamage\": 40.0, \"hasOneshot\": true, \"windupFrames\": 26, \"inkEfficiency\": 8.5, \"effectiveRange\": 8.2, \"firingModeName\": \"Vertical Swing/Slash\", \"actionIntervalFrames\": 0}]'),(63,'Dynamo Roller',10,16,2,18.5,3,200,76,'dynamo',1171.3,'[{\"maxDamage\": 125.0, \"minDamage\": 125.0, \"hasOneshot\": true, \"windupFrames\": 0, \"inkEfficiency\": 6.0, \"effectiveRange\": 0.0, \"firingModeName\": \"Rolling\", \"actionIntervalFrames\": 0}, {\"maxDamage\": 180.0, \"minDamage\": 40.0, \"hasOneshot\": true, \"windupFrames\": 45, \"inkEfficiency\": 21.0, \"effectiveRange\": 12.9, \"firingModeName\": \"Horizontal Swing/Slash\", \"actionIntervalFrames\": 0}, {\"maxDamage\": 180.0, \"minDamage\": 40.0, \"hasOneshot\": true, \"windupFrames\": 55, \"inkEfficiency\": 21.0, \"effectiveRange\": 14.0, \"firingModeName\": \"Vertical Swing/Slash\", \"actionIntervalFrames\": 0}]'),(64,'Gold Dynamo Roller',1,17,2,18.5,3,180,76,'dynamo_tesla',1181.3,'[{\"maxDamage\": 125.0, \"minDamage\": 125.0, \"hasOneshot\": true, \"windupFrames\": 0, \"inkEfficiency\": 6.0, \"effectiveRange\": 0.0, \"firingModeName\": \"Rolling\", \"actionIntervalFrames\": 0}, {\"maxDamage\": 180.0, \"minDamage\": 40.0, \"hasOneshot\": true, \"windupFrames\": 45, \"inkEfficiency\": 21.0, \"effectiveRange\": 12.9, \"firingModeName\": \"Horizontal Swing/Slash\", \"actionIntervalFrames\": 0}, {\"maxDamage\": 180.0, \"minDamage\": 40.0, \"hasOneshot\": true, \"windupFrames\": 55, \"inkEfficiency\": 21.0, \"effectiveRange\": 14.0, \"firingModeName\": \"Vertical Swing/Slash\", \"actionIntervalFrames\": 0}]'),(65,'Starz Dynamo Roller',8,10,2,18.5,3,180,76,'dynamo_mei',1028.2,'[{\"maxDamage\": 125.0, \"minDamage\": 125.0, \"hasOneshot\": true, \"windupFrames\": 0, \"inkEfficiency\": 6.0, \"effectiveRange\": 0.0, \"firingModeName\": \"Rolling\", \"actionIntervalFrames\": 0}, {\"maxDamage\": 180.0, \"minDamage\": 40.0, \"hasOneshot\": false, \"windupFrames\": 45, \"inkEfficiency\": 21.0, \"effectiveRange\": 12.9, \"firingModeName\": \"Horizontal Swing/Slash\", \"actionIntervalFrames\": 0}, {\"maxDamage\": 180.0, \"minDamage\": 40.0, \"hasOneshot\": true, \"windupFrames\": 55, \"inkEfficiency\": 21.0, \"effectiveRange\": 14.0, \"firingModeName\": \"Vertical Swing/Slash\", \"actionIntervalFrames\": 0}]'),(66,'Flingza Roller',6,4,2,14.0,2,210,58,'variableroller',1126.3,'[{\"maxDamage\": 125.0, \"minDamage\": 125.0, \"hasOneshot\": true, \"windupFrames\": 0, \"inkEfficiency\": 6.0, \"effectiveRange\": 0.0, \"firingModeName\": \"Rolling\", \"actionIntervalFrames\": 0}, {\"maxDamage\": 150.0, \"minDamage\": 30.0, \"hasOneshot\": true, \"windupFrames\": 19, \"inkEfficiency\": 8.0, \"effectiveRange\": 7.2, \"firingModeName\": \"Horizontal Swing/Slash\", \"actionIntervalFrames\": 0}, {\"maxDamage\": 150.0, \"minDamage\": 40.0, \"hasOneshot\": true, \"windupFrames\": 42, \"inkEfficiency\": 12.0, \"effectiveRange\": 10.2, \"firingModeName\": \"Vertical Swing/Slash\", \"actionIntervalFrames\": 0}]'),(67,'Foil Flingza Roller',2,18,2,14.0,2,200,58,'variableroller_foil',1027,'[{\"maxDamage\": 125.0, \"minDamage\": 125.0, \"hasOneshot\": true, \"windupFrames\": 0, \"inkEfficiency\": 6.0, \"effectiveRange\": 0.0, \"firingModeName\": \"Rolling\", \"actionIntervalFrames\": 0}, {\"maxDamage\": 150.0, \"minDamage\": 30.0, \"hasOneshot\": true, \"windupFrames\": 19, \"inkEfficiency\": 8.0, \"effectiveRange\": null, \"firingModeName\": \"Horizontal Swing/Slash\", \"actionIntervalFrames\": 0}, {\"maxDamage\": 150.0, \"minDamage\": 4.0, \"hasOneshot\": true, \"windupFrames\": 42, \"inkEfficiency\": 12.0, \"effectiveRange\": 10.2, \"firingModeName\": \"Vertical Swing/Slash\", \"actionIntervalFrames\": 0}]'),(68,'Big Swig Roller',9,9,2,12.5,2,180,56,'wideroller',980,'[{\"maxDamage\": 70.0, \"minDamage\": 70.0, \"hasOneshot\": false, \"windupFrames\": 0, \"inkEfficiency\": 3.0, \"effectiveRange\": 0.0, \"firingModeName\": \"Rolling\", \"actionIntervalFrames\": 0}, {\"maxDamage\": 70.0, \"minDamage\": 40.0, \"hasOneshot\": false, \"windupFrames\": 18, \"inkEfficiency\": 9.0, \"effectiveRange\": 4.2, \"firingModeName\": \"Horizontal Swing/Slash\", \"actionIntervalFrames\": 0}, {\"maxDamage\": 120.0, \"minDamage\": 40.0, \"hasOneshot\": true, \"windupFrames\": 20, \"inkEfficiency\": 9.0, \"effectiveRange\": 7.7, \"firingModeName\": \"Vertical Swing/Slash\", \"actionIntervalFrames\": 0}]'),(69,'Big Swig Roller Express',14,5,2,12.5,2,180,56,'wideroller_collabo',1122,'[{\"maxDamage\": 70.0, \"minDamage\": 70.0, \"hasOneshot\": false, \"windupFrames\": 0, \"inkEfficiency\": 3.0, \"effectiveRange\": 0.0, \"firingModeName\": \"Rolling\", \"actionIntervalFrames\": 0}, {\"maxDamage\": 70.0, \"minDamage\": 40.0, \"hasOneshot\": false, \"windupFrames\": 18, \"inkEfficiency\": 9.0, \"effectiveRange\": 4.2, \"firingModeName\": \"Horizontal Swing/Slash\", \"actionIntervalFrames\": 0}, {\"maxDamage\": 120.0, \"minDamage\": 40.0, \"hasOneshot\": true, \"windupFrames\": 20, \"inkEfficiency\": 9.0, \"effectiveRange\": 7.7, \"firingModeName\": \"Vertical Swing/Slash\", \"actionIntervalFrames\": 0}]'),(70,'Planetz Big Swig Roller',13,19,2,12.5,2,180,56,'wideroller_waku',1089,'[{\"maxDamage\": 70.0, \"minDamage\": 70.0, \"hasOneshot\": false, \"windupFrames\": 0, \"inkEfficiency\": 3.0, \"effectiveRange\": 0.0, \"firingModeName\": \"Rolling\", \"actionIntervalFrames\": 0}, {\"maxDamage\": 70.0, \"minDamage\": 40.0, \"hasOneshot\": false, \"windupFrames\": 18, \"inkEfficiency\": 9.0, \"effectiveRange\": 4.2, \"firingModeName\": \"Horizontal Swing/Slash\", \"actionIntervalFrames\": 0}, {\"maxDamage\": 120.0, \"minDamage\": 40.0, \"hasOneshot\": true, \"windupFrames\": 20, \"inkEfficiency\": 9.0, \"effectiveRange\": 7.7, \"firingModeName\": \"Vertical Swing/Slash\", \"actionIntervalFrames\": 0}]'),(71,'Inkbrush',1,10,9,7.0,1,180,5,'pablo',980.2,'[{\"maxDamage\": 20.0, \"minDamage\": 20.0, \"hasOneshot\": false, \"windupFrames\": 0, \"inkEfficiency\": 7.5, \"effectiveRange\": 0.0, \"firingModeName\": \"Rolling\", \"actionIntervalFrames\": 0}, {\"maxDamage\": 30.0, \"minDamage\": 15.0, \"hasOneshot\": false, \"windupFrames\": 1, \"inkEfficiency\": 2.0, \"effectiveRange\": 4.3, \"firingModeName\": \"Horizontal Swing/Slash\", \"actionIntervalFrames\": 6}]'),(72,'Inkbrush Nouveau',6,12,9,7.0,1,190,5,'pablo_hue',872.9,'[{\"maxDamage\": 20.0, \"minDamage\": 20.0, \"hasOneshot\": false, \"windupFrames\": 0, \"inkEfficiency\": 7.5, \"effectiveRange\": 0.0, \"firingModeName\": \"Rolling\", \"actionIntervalFrames\": 0}, {\"maxDamage\": 30.0, \"minDamage\": 15.0, \"hasOneshot\": false, \"windupFrames\": 1, \"inkEfficiency\": 2.0, \"effectiveRange\": 4.3, \"firingModeName\": \"Horizontal Swing/Slash\", \"actionIntervalFrames\": 6}]'),(73,'Octobrush',2,3,9,10.5,2,190,23,'hokusai',834.1,'[{\"maxDamage\": 25.0, \"minDamage\": 25.0, \"hasOneshot\": false, \"windupFrames\": 0, \"inkEfficiency\": 9.0, \"effectiveRange\": 0.0, \"firingModeName\": \"Rolling\", \"actionIntervalFrames\": 0}, {\"maxDamage\": 40.0, \"minDamage\": 20.0, \"hasOneshot\": false, \"windupFrames\": 1, \"inkEfficiency\": 2.7, \"effectiveRange\": 3.3, \"firingModeName\": \"Horizontal Swing/Slash\", \"actionIntervalFrames\": 10}]'),(74,'Octobrush Nouveau',11,5,9,10.5,2,180,23,'hokusai_hue',841.8,'[{\"maxDamage\": 25.0, \"minDamage\": 25.0, \"hasOneshot\": false, \"windupFrames\": 0, \"inkEfficiency\": 9.0, \"effectiveRange\": 0.0, \"firingModeName\": \"Rolling\", \"actionIntervalFrames\": 0}, {\"maxDamage\": 40.0, \"minDamage\": 20.0, \"hasOneshot\": false, \"windupFrames\": 1, \"inkEfficiency\": 2.7, \"effectiveRange\": 3.3, \"firingModeName\": \"Horizontal Swing/Slash\", \"actionIntervalFrames\": 10}]'),(75,'Cometz Octobrush',5,7,9,10.5,2,190,23,'hokusai_sui',790.7,'[{\"maxDamage\": 25.0, \"minDamage\": 25.0, \"hasOneshot\": false, \"windupFrames\": 0, \"inkEfficiency\": 9.0, \"effectiveRange\": 0.0, \"firingModeName\": \"Rolling\", \"actionIntervalFrames\": 0}, {\"maxDamage\": 40.0, \"minDamage\": 20.0, \"hasOneshot\": false, \"windupFrames\": 1, \"inkEfficiency\": 2.7, \"effectiveRange\": 3.3, \"firingModeName\": \"Horizontal Swing/Slash\", \"actionIntervalFrames\": 10}]'),(76,'Orderbrush Replica',2,3,9,10.5,2,190,23,'order_brush_replica',872.3,'[{\"maxDamage\": 25.0, \"minDamage\": 25.0, \"hasOneshot\": false, \"windupFrames\": 0, \"inkEfficiency\": 9.0, \"effectiveRange\": 0.0, \"firingModeName\": \"Rolling\", \"actionIntervalFrames\": 0}, {\"maxDamage\": 40.0, \"minDamage\": 20.0, \"hasOneshot\": false, \"windupFrames\": 1, \"inkEfficiency\": 2.7, \"effectiveRange\": 3.3, \"firingModeName\": \"Horizontal Swing/Slash\", \"actionIntervalFrames\": 10}]'),(77,'Painbrush',4,8,9,13.1,2,190,33,'fincent',836,'[{\"maxDamage\": 30.0, \"minDamage\": 30.0, \"hasOneshot\": false, \"windupFrames\": 0, \"inkEfficiency\": 10.8, \"effectiveRange\": 0.0, \"firingModeName\": \"Rolling\", \"actionIntervalFrames\": 0}, {\"maxDamage\": 60.0, \"minDamage\": 31.0, \"hasOneshot\": false, \"windupFrames\": 23, \"inkEfficiency\": 4.8, \"effectiveRange\": 5.0, \"firingModeName\": \"Horizontal Swing/Slash\", \"actionIntervalFrames\": 13}]'),(78,'Painbrush Nouveau',8,4,9,13.1,2,190,33,'fincent_hue',894,'[{\"maxDamage\": 30.0, \"minDamage\": 30.0, \"hasOneshot\": false, \"windupFrames\": 0, \"inkEfficiency\": 10.8, \"effectiveRange\": 0.0, \"firingModeName\": \"Rolling\", \"actionIntervalFrames\": 0}, {\"maxDamage\": 60.0, \"minDamage\": 31.0, \"hasOneshot\": false, \"windupFrames\": 23, \"inkEfficiency\": 4.8, \"effectiveRange\": 5.0, \"firingModeName\": \"Horizontal Swing/Slash\", \"actionIntervalFrames\": 13}]'),(79,'Painbrush BRN-Z',9,1,9,13.1,2,190,33,'fincent_brnz',827.7,'[{\"maxDamage\": 30.0, \"minDamage\": 30.0, \"hasOneshot\": false, \"windupFrames\": 0, \"inkEfficiency\": 10.8, \"effectiveRange\": 0.0, \"firingModeName\": \"Rolling\", \"actionIntervalFrames\": 0}, {\"maxDamage\": 60.0, \"minDamage\": 31.0, \"hasOneshot\": false, \"windupFrames\": 23, \"inkEfficiency\": 4.8, \"effectiveRange\": 5.0, \"firingModeName\": \"Horizontal Swing/Slash\", \"actionIntervalFrames\": 13}]'),(80,'Classic Squiffer',8,2,3,18.5,2,190,75,'squiclean_a',718.8,'[{\"maxDamage\": 40.0, \"minDamage\": 40.0, \"hasOneshot\": false, \"windupFrames\": 8, \"inkEfficiency\": 1.87, \"effectiveRange\": 10.75, \"firingModeName\": \"Tap Shot\", \"actionIntervalFrames\": 0}, {\"maxDamage\": 80.0, \"minDamage\": 40.0, \"hasOneshot\": false, \"windupFrames\": 44, \"inkEfficiency\": 10.4, \"effectiveRange\": 18.25, \"firingModeName\": \"Partial Charge\", \"actionIntervalFrames\": 0}, {\"maxDamage\": 140.0, \"minDamage\": 140.0, \"hasOneshot\": true, \"windupFrames\": 45, \"inkEfficiency\": 10.5, \"effectiveRange\": 18.25, \"firingModeName\": \"Full Charge\", \"actionIntervalFrames\": 0}]'),(81,'New Squiffer',5,3,3,18.5,2,190,75,'squiclean_b',718.2,'[{\"maxDamage\": 40.0, \"minDamage\": 40.0, \"hasOneshot\": false, \"windupFrames\": 8, \"inkEfficiency\": 1.87, \"effectiveRange\": 10.75, \"firingModeName\": \"Tap Shot\", \"actionIntervalFrames\": 0}, {\"maxDamage\": 80.0, \"minDamage\": 40.0, \"hasOneshot\": false, \"windupFrames\": 44, \"inkEfficiency\": 10.4, \"effectiveRange\": 18.25, \"firingModeName\": \"Partial Charge\", \"actionIntervalFrames\": 0}, {\"maxDamage\": 140.0, \"minDamage\": 140.0, \"hasOneshot\": true, \"windupFrames\": 45, \"inkEfficiency\": 10.5, \"effectiveRange\": 18.25, \"firingModeName\": \"Full Charge\", \"actionIntervalFrames\": 0}]'),(82,'Splat Charger',1,9,3,26.0,2,190,88,'splatcharger',730.3,'[{\"maxDamage\": 40.0, \"minDamage\": 40.0, \"hasOneshot\": false, \"windupFrames\": 0, \"inkEfficiency\": 2.25, \"effectiveRange\": 10.75, \"firingModeName\": \"Tap Shot\", \"actionIntervalFrames\": 8}, {\"maxDamage\": 80.0, \"minDamage\": 40.0, \"hasOneshot\": false, \"windupFrames\": 59, \"inkEfficiency\": 17.9, \"effectiveRange\": 25.7, \"firingModeName\": \"Partial Charge\", \"actionIntervalFrames\": 0}, {\"maxDamage\": 160.0, \"minDamage\": 160.0, \"hasOneshot\": true, \"windupFrames\": 60, \"inkEfficiency\": 18.0, \"effectiveRange\": 25.75, \"firingModeName\": \"Full Charge\", \"actionIntervalFrames\": 0}]'),(83,'Z+F Splat Charger',9,15,3,26.0,2,200,88,'splatcharger_collabo',719.6,'[{\"maxDamage\": 40.0, \"minDamage\": 40.0, \"hasOneshot\": false, \"windupFrames\": 0, \"inkEfficiency\": 2.25, \"effectiveRange\": 10.75, \"firingModeName\": \"Tap Shot\", \"actionIntervalFrames\": 8}, {\"maxDamage\": 80.0, \"minDamage\": 40.0, \"hasOneshot\": false, \"windupFrames\": 59, \"inkEfficiency\": 17.9, \"effectiveRange\": 25.7, \"firingModeName\": \"Partial Charge\", \"actionIntervalFrames\": 0}, {\"maxDamage\": 160.0, \"minDamage\": 160.0, \"hasOneshot\": true, \"windupFrames\": 60, \"inkEfficiency\": 18.0, \"effectiveRange\": 25.75, \"firingModeName\": \"Full Charge\", \"actionIntervalFrames\": 0}]'),(84,'Splat Charger CAM-O',10,13,3,26.0,2,200,88,'splatcharger_frst',800.4,'[{\"maxDamage\": 40.0, \"minDamage\": 40.0, \"hasOneshot\": false, \"windupFrames\": 0, \"inkEfficiency\": 2.25, \"effectiveRange\": 10.75, \"firingModeName\": \"Tap Shot\", \"actionIntervalFrames\": 8}, {\"maxDamage\": 80.0, \"minDamage\": 40.0, \"hasOneshot\": false, \"windupFrames\": 59, \"inkEfficiency\": 17.9, \"effectiveRange\": 25.7, \"firingModeName\": \"Partial Charge\", \"actionIntervalFrames\": 0}, {\"maxDamage\": 160.0, \"minDamage\": 160.0, \"hasOneshot\": true, \"windupFrames\": 60, \"inkEfficiency\": 18.0, \"effectiveRange\": 25.75, \"firingModeName\": \"Full Charge\", \"actionIntervalFrames\": 0}]'),(85,'Order Charger Replica',1,9,3,26.0,2,190,88,'order_charger_replica',738.6,'[{\"maxDamage\": 40.0, \"minDamage\": 40.0, \"hasOneshot\": false, \"windupFrames\": 0, \"inkEfficiency\": 2.25, \"effectiveRange\": 10.75, \"firingModeName\": \"Tap Shot\", \"actionIntervalFrames\": 8}, {\"maxDamage\": 80.0, \"minDamage\": 40.0, \"hasOneshot\": false, \"windupFrames\": 59, \"inkEfficiency\": 17.9, \"effectiveRange\": 25.7, \"firingModeName\": \"Partial Charge\", \"actionIntervalFrames\": 0}, {\"maxDamage\": 160.0, \"minDamage\": 160.0, \"hasOneshot\": true, \"windupFrames\": 60, \"inkEfficiency\": 18.0, \"effectiveRange\": 25.75, \"firingModeName\": \"Full Charge\", \"actionIntervalFrames\": 0}]'),(86,'Splatterscope',1,9,3,26.5,2,190,91,'splatscope',808.3,'[{\"maxDamage\": 40.0, \"minDamage\": 40.0, \"hasOneshot\": false, \"windupFrames\": 0, \"inkEfficiency\": 2.25, \"effectiveRange\": 10.75, \"firingModeName\": \"Tap Shot\", \"actionIntervalFrames\": 8}, {\"maxDamage\": 80.0, \"minDamage\": 40.0, \"hasOneshot\": false, \"windupFrames\": 59, \"inkEfficiency\": 17.9, \"effectiveRange\": 25.7, \"firingModeName\": \"Partial Charge\", \"actionIntervalFrames\": 0}, {\"maxDamage\": 160.0, \"minDamage\": 160.0, \"hasOneshot\": true, \"windupFrames\": 60, \"inkEfficiency\": 18.0, \"effectiveRange\": 27.75, \"firingModeName\": \"Full Charge\", \"actionIntervalFrames\": 0}]'),(87,'Z+F Splatterscope',9,15,3,26.5,2,200,91,'splatscope_collabo',821.4,'[{\"maxDamage\": 40.0, \"minDamage\": 40.0, \"hasOneshot\": false, \"windupFrames\": 0, \"inkEfficiency\": 2.25, \"effectiveRange\": 10.75, \"firingModeName\": \"Tap Shot\", \"actionIntervalFrames\": 8}, {\"maxDamage\": 80.0, \"minDamage\": 40.0, \"hasOneshot\": false, \"windupFrames\": 59, \"inkEfficiency\": 17.9, \"effectiveRange\": 25.7, \"firingModeName\": \"Partial Charge\", \"actionIntervalFrames\": 0}, {\"maxDamage\": 160.0, \"minDamage\": 160.0, \"hasOneshot\": true, \"windupFrames\": 60, \"inkEfficiency\": 18.0, \"effectiveRange\": 27.75, \"firingModeName\": \"Full Charge\", \"actionIntervalFrames\": 0}]'),(88,'Splatterscope CAM-O',10,13,3,26.5,2,200,91,'splatscope_frst',931.9,'[{\"maxDamage\": 40.0, \"minDamage\": 40.0, \"hasOneshot\": false, \"windupFrames\": 0, \"inkEfficiency\": 2.25, \"effectiveRange\": 10.75, \"firingModeName\": \"Tap Shot\", \"actionIntervalFrames\": 8}, {\"maxDamage\": 80.0, \"minDamage\": 40.0, \"hasOneshot\": false, \"windupFrames\": 59, \"inkEfficiency\": 17.9, \"effectiveRange\": 25.7, \"firingModeName\": \"Partial Charge\", \"actionIntervalFrames\": 0}, {\"maxDamage\": 160.0, \"minDamage\": 160.0, \"hasOneshot\": true, \"windupFrames\": 60, \"inkEfficiency\": 18.0, \"effectiveRange\": 27.75, \"firingModeName\": \"Full Charge\", \"actionIntervalFrames\": 0}]'),(89,'E-liter 4K',6,8,3,31.0,3,210,96,'liter4k',704.9,'[{\"maxDamage\": 40.0, \"minDamage\": 40.0, \"hasOneshot\": false, \"windupFrames\": 8, \"inkEfficiency\": 2.25, \"effectiveRange\": 10.75, \"firingModeName\": \"Tap Shot\", \"actionIntervalFrames\": 0}, {\"maxDamage\": 80.0, \"minDamage\": 40.0, \"hasOneshot\": false, \"windupFrames\": 91, \"inkEfficiency\": 24.9, \"effectiveRange\": 30.75, \"firingModeName\": \"Partial Charge\", \"actionIntervalFrames\": 0}, {\"maxDamage\": 180.0, \"minDamage\": 180.0, \"hasOneshot\": true, \"windupFrames\": 92, \"inkEfficiency\": 25.0, \"effectiveRange\": 30.76, \"firingModeName\": \"Full Charge\", \"actionIntervalFrames\": 0}]'),(90,'Custom E-liter 4K',11,7,3,31.0,3,210,96,'liter4k_custom',697.4,'[{\"maxDamage\": 40.0, \"minDamage\": 40.0, \"hasOneshot\": false, \"windupFrames\": 8, \"inkEfficiency\": 2.25, \"effectiveRange\": 10.75, \"firingModeName\": \"Tap Shot\", \"actionIntervalFrames\": 0}, {\"maxDamage\": 80.0, \"minDamage\": 40.0, \"hasOneshot\": false, \"windupFrames\": 91, \"inkEfficiency\": 24.9, \"effectiveRange\": 30.75, \"firingModeName\": \"Partial Charge\", \"actionIntervalFrames\": 0}, {\"maxDamage\": 180.0, \"minDamage\": 180.0, \"hasOneshot\": true, \"windupFrames\": 92, \"inkEfficiency\": 25.0, \"effectiveRange\": 30.76, \"firingModeName\": \"Full Charge\", \"actionIntervalFrames\": 0}]'),(91,'E-liter 4K Scope',6,8,3,33.0,3,210,100,'liter4k_scope',825.4,'[{\"maxDamage\": 40.0, \"minDamage\": 40.0, \"hasOneshot\": false, \"windupFrames\": 8, \"inkEfficiency\": 2.25, \"effectiveRange\": 10.75, \"firingModeName\": \"Tap Shot\", \"actionIntervalFrames\": 0}, {\"maxDamage\": 80.0, \"minDamage\": 40.0, \"hasOneshot\": false, \"windupFrames\": 91, \"inkEfficiency\": 24.9, \"effectiveRange\": 30.75, \"firingModeName\": \"Partial Charge\", \"actionIntervalFrames\": 0}, {\"maxDamage\": 180.0, \"minDamage\": 180.0, \"hasOneshot\": true, \"windupFrames\": 92, \"inkEfficiency\": 25.0, \"effectiveRange\": 32.76, \"firingModeName\": \"Full Charge\", \"actionIntervalFrames\": 0}]'),(92,'Custom E-liter 4K Scope',11,7,3,33.0,3,210,100,'liter4k_scope_custom',814.1,'[{\"maxDamage\": 40.0, \"minDamage\": 40.0, \"hasOneshot\": false, \"windupFrames\": 8, \"inkEfficiency\": 2.25, \"effectiveRange\": 10.75, \"firingModeName\": \"Tap Shot\", \"actionIntervalFrames\": 0}, {\"maxDamage\": 80.0, \"minDamage\": 40.0, \"hasOneshot\": false, \"windupFrames\": 91, \"inkEfficiency\": 24.9, \"effectiveRange\": 30.75, \"firingModeName\": \"Partial Charge\", \"actionIntervalFrames\": 0}, {\"maxDamage\": 180.0, \"minDamage\": 180.0, \"hasOneshot\": true, \"windupFrames\": 92, \"inkEfficiency\": 25.0, \"effectiveRange\": 32.76, \"firingModeName\": \"Full Charge\", \"actionIntervalFrames\": 0}]'),(93,'Bamboozler 14 Mk I',5,10,3,21.0,1,190,78,'bamboo14mk1',918.1,'[{\"maxDamage\": 30.0, \"minDamage\": 30.0, \"hasOneshot\": false, \"windupFrames\": 8, \"inkEfficiency\": 2.8, \"effectiveRange\": 20.75, \"firingModeName\": \"Tap Shot\", \"actionIntervalFrames\": 0}, {\"maxDamage\": 30.0, \"minDamage\": 84.0, \"hasOneshot\": false, \"windupFrames\": 19, \"inkEfficiency\": 6.9, \"effectiveRange\": 20.75, \"firingModeName\": \"Partial Charge\", \"actionIntervalFrames\": 0}, {\"maxDamage\": 85.0, \"minDamage\": 85.0, \"hasOneshot\": false, \"windupFrames\": 20, \"inkEfficiency\": 7.0, \"effectiveRange\": 20.75, \"firingModeName\": \"Full Charge\", \"actionIntervalFrames\": 0}]'),(94,'Bamboozler 14 Mk II',12,17,3,21.0,1,190,78,'bamboo14mk2',1096.9,'[{\"maxDamage\": 30.0, \"minDamage\": 30.0, \"hasOneshot\": false, \"windupFrames\": 8, \"inkEfficiency\": 2.8, \"effectiveRange\": 20.75, \"firingModeName\": \"Tap Shot\", \"actionIntervalFrames\": 0}, {\"maxDamage\": 30.0, \"minDamage\": 84.0, \"hasOneshot\": false, \"windupFrames\": 19, \"inkEfficiency\": 6.9, \"effectiveRange\": 20.75, \"firingModeName\": \"Partial Charge\", \"actionIntervalFrames\": 0}, {\"maxDamage\": 85.0, \"minDamage\": 85.0, \"hasOneshot\": false, \"windupFrames\": 20, \"inkEfficiency\": 7.0, \"effectiveRange\": 20.75, \"firingModeName\": \"Full Charge\", \"actionIntervalFrames\": 0}]'),(95,'Goo Tuber',13,4,3,21.0,2,200,78,'soytuber',880,'[{\"maxDamage\": 40.0, \"minDamage\": 40.0, \"hasOneshot\": false, \"windupFrames\": 8, \"inkEfficiency\": 2.0, \"effectiveRange\": 13.75, \"firingModeName\": \"Tap Shot\", \"actionIntervalFrames\": 8}, {\"maxDamage\": 130.0, \"minDamage\": 40.0, \"hasOneshot\": true, \"windupFrames\": 70, \"inkEfficiency\": 14.9, \"effectiveRange\": 19.95, \"firingModeName\": \"Partial Charge\", \"actionIntervalFrames\": null}, {\"maxDamage\": 180.0, \"minDamage\": 180.0, \"hasOneshot\": true, \"windupFrames\": 71, \"inkEfficiency\": 15.0, \"effectiveRange\": 20.95, \"firingModeName\": \"Full Charge\", \"actionIntervalFrames\": 0}]'),(96,'Custom Goo Tuber',12,12,3,21.0,2,200,78,'soytuber_custom',767.8,'[{\"maxDamage\": 40.0, \"minDamage\": 40.0, \"hasOneshot\": false, \"windupFrames\": 8, \"inkEfficiency\": 2.0, \"effectiveRange\": 13.75, \"firingModeName\": \"Tap Shot\", \"actionIntervalFrames\": 8}, {\"maxDamage\": 130.0, \"minDamage\": 40.0, \"hasOneshot\": true, \"windupFrames\": 70, \"inkEfficiency\": 14.9, \"effectiveRange\": 19.95, \"firingModeName\": \"Partial Charge\", \"actionIntervalFrames\": null}, {\"maxDamage\": 180.0, \"minDamage\": 180.0, \"hasOneshot\": true, \"windupFrames\": 71, \"inkEfficiency\": 15.0, \"effectiveRange\": 20.95, \"firingModeName\": \"Full Charge\", \"actionIntervalFrames\": 0}]'),(97,'Snipewriter 5H',10,16,3,26.0,2,220,91,'rpen_5h',1022.6,'[{\"maxDamage\": 40.0, \"minDamage\": 40.0, \"hasOneshot\": false, \"windupFrames\": 8, \"inkEfficiency\": 1.97, \"effectiveRange\": 10.76, \"firingModeName\": \"Tap Shot\", \"actionIntervalFrames\": 0}, {\"maxDamage\": 68.0, \"minDamage\": 68.0, \"hasOneshot\": false, \"windupFrames\": 72, \"inkEfficiency\": 35.0, \"effectiveRange\": 27.77, \"firingModeName\": \"First Shot\", \"actionIntervalFrames\": 17}, {\"maxDamage\": 68.0, \"minDamage\": 68.0, \"hasOneshot\": false, \"windupFrames\": 0, \"inkEfficiency\": 0.0, \"effectiveRange\": 27.77, \"firingModeName\": \"Remaining Shots\", \"actionIntervalFrames\": 17}]'),(98,'Snipewriter 5B',9,5,3,26.0,2,210,91,'rpen_5b',1043.7,'[{\"maxDamage\": 40.0, \"minDamage\": 40.0, \"hasOneshot\": false, \"windupFrames\": 8, \"inkEfficiency\": 1.97, \"effectiveRange\": 10.76, \"firingModeName\": \"Tap Shot\", \"actionIntervalFrames\": 0}, {\"maxDamage\": 68.0, \"minDamage\": 68.0, \"hasOneshot\": false, \"windupFrames\": 72, \"inkEfficiency\": 35.0, \"effectiveRange\": 27.77, \"firingModeName\": \"First Shot\", \"actionIntervalFrames\": 17}, {\"maxDamage\": 68.0, \"minDamage\": 68.0, \"hasOneshot\": false, \"windupFrames\": 0, \"inkEfficiency\": 0.0, \"effectiveRange\": 27.77, \"firingModeName\": \"Remaining Shots\", \"actionIntervalFrames\": 17}]'),(99,'Slosher',1,15,4,14.5,2,210,58,'bucketslosher',1031.4,'[{\"maxDamage\": 70.0, \"minDamage\": 50.0, \"hasOneshot\": false, \"windupFrames\": 18, \"inkEfficiency\": 7.6, \"effectiveRange\": 14.24, \"firingModeName\": \"Continuous Fire\", \"actionIntervalFrames\": 29}]'),(100,'Slosher Deco',14,3,4,14.5,2,180,58,'bucketslosher_deco',776.7,'[{\"maxDamage\": 70.0, \"minDamage\": 50.0, \"hasOneshot\": false, \"windupFrames\": 18, \"inkEfficiency\": 7.6, \"effectiveRange\": 14.24, \"firingModeName\": \"Continuous Fire\", \"actionIntervalFrames\": 29}]'),(101,'Order Slosher Replica',1,15,4,14.5,2,210,58,'order_slosher_replica',1033.9,'[{\"maxDamage\": 70.0, \"minDamage\": 50.0, \"hasOneshot\": false, \"windupFrames\": 18, \"inkEfficiency\": 7.6, \"effectiveRange\": 14.24, \"firingModeName\": \"Continuous Fire\", \"actionIntervalFrames\": 29}]'),(102,'Tri-Slosher',7,11,4,11.0,1,180,31,'hissen',743.5,'[{\"maxDamage\": 62.0, \"minDamage\": 35.0, \"hasOneshot\": false, \"windupFrames\": 18, \"inkEfficiency\": 6.0, \"effectiveRange\": 11.21, \"firingModeName\": \"Continuous Fire\", \"actionIntervalFrames\": 23}]'),(103,'Tri-Slosher Nouveau',12,16,4,11.0,1,200,31,'hissen_hue',878,'[{\"maxDamage\": 62.0, \"minDamage\": 35.0, \"hasOneshot\": false, \"windupFrames\": 18, \"inkEfficiency\": 6.0, \"effectiveRange\": 11.21, \"firingModeName\": \"Continuous Fire\", \"actionIntervalFrames\": 23}]'),(104,'Tri-Slosher ASH-N',1,18,4,11.0,1,180,31,'hissen_ash',968.8,'[{\"maxDamage\": 62.0, \"minDamage\": 35.0, \"hasOneshot\": false, \"windupFrames\": 18, \"inkEfficiency\": 6.0, \"effectiveRange\": 11.21, \"firingModeName\": \"Continuous Fire\", \"actionIntervalFrames\": 23}]'),(105,'Sloshing Machine',12,6,4,14.7,2,210,60,'screwslosher',997.6,'[{\"maxDamage\": 76.0, \"minDamage\": 38.0, \"hasOneshot\": false, \"windupFrames\": 18, \"inkEfficiency\": 9.2, \"effectiveRange\": 13.11, \"firingModeName\": \"Continuous Fire\", \"actionIntervalFrames\": 38}]'),(106,'Sloshing Machine Neo',8,1,4,14.7,2,190,60,'screwslosher_neo',811.9,'[{\"maxDamage\": 76.0, \"minDamage\": 38.0, \"hasOneshot\": false, \"windupFrames\": 18, \"inkEfficiency\": 9.2, \"effectiveRange\": 13.11, \"firingModeName\": \"Continuous Fire\", \"actionIntervalFrames\": 38}]'),(107,'Bloblobber',10,5,4,15.0,2,190,85,'furo',1313.8,'[{\"maxDamage\": 128.0, \"minDamage\": 32.0, \"hasOneshot\": true, \"windupFrames\": 12, \"inkEfficiency\": 8.0, \"effectiveRange\": 11.76, \"firingModeName\": \"Continuous Fire\", \"actionIntervalFrames\": 32}]'),(108,'Bloblobber Deco',14,7,4,15.0,2,190,85,'furo_deco',1072.3,'[{\"maxDamage\": 128.0, \"minDamage\": 32.0, \"hasOneshot\": true, \"windupFrames\": 12, \"inkEfficiency\": 8.0, \"effectiveRange\": 11.76, \"firingModeName\": \"Continuous Fire\", \"actionIntervalFrames\": 32}]'),(109,'Explosher',8,5,4,20.7,3,200,77,'explosher',1239.9,'[{\"maxDamage\": 90.0, \"minDamage\": 35.0, \"hasOneshot\": false, \"windupFrames\": 22, \"inkEfficiency\": 11.7, \"effectiveRange\": 19.18, \"firingModeName\": \"Continuous Fire\", \"actionIntervalFrames\": 55}]'),(110,'Custom Explosher',9,19,4,20.7,3,190,77,'explosher_custom',1223.3,'[{\"maxDamage\": 90.0, \"minDamage\": 35.0, \"hasOneshot\": false, \"windupFrames\": 22, \"inkEfficiency\": 11.7, \"effectiveRange\": 19.18, \"firingModeName\": \"Continuous Fire\", \"actionIntervalFrames\": 55}]'),(111,'Dread Wringer',2,14,4,15.5,2,190,60,'moprin',1180.4,'[{\"maxDamage\": 90.0, \"minDamage\": 35.0, \"hasOneshot\": false, \"windupFrames\": 22, \"inkEfficiency\": 9.0, \"effectiveRange\": 15.06, \"firingModeName\": \"Continuous Fire\", \"actionIntervalFrames\": 45}]'),(112,'Dread Wringer D',11,8,4,15.5,2,190,60,'moprin_d',1071.9,'[{\"maxDamage\": 90.0, \"minDamage\": 35.0, \"hasOneshot\": false, \"windupFrames\": 22, \"inkEfficiency\": 9.0, \"effectiveRange\": 15.06, \"firingModeName\": \"Continuous Fire\", \"actionIntervalFrames\": 45}]'),(113,'Hornz Dread Wringer',4,13,4,15.5,2,200,60,'moprin_kaku',1188.3,'[{\"maxDamage\": 90.0, \"minDamage\": 35.0, \"hasOneshot\": false, \"windupFrames\": 22, \"inkEfficiency\": 9.0, \"effectiveRange\": 15.06, \"firingModeName\": \"Continuous Fire\", \"actionIntervalFrames\": 45}]'),(114,'Mini Splatling',3,12,5,15.0,2,200,62,'splatspinner',1127.9,'[{\"maxDamage\": 32.0, \"minDamage\": 16.0, \"hasOneshot\": null, \"windupFrames\": 18, \"inkEfficiency\": 7.5, \"effectiveRange\": 10.0, \"firingModeName\": \"Partial Charge\", \"actionIntervalFrames\": 4}, {\"maxDamage\": 32.0, \"minDamage\": 16.0, \"hasOneshot\": null, \"windupFrames\": 27, \"inkEfficiency\": 15.0, \"effectiveRange\": 13.7, \"firingModeName\": \"Full Charge\", \"actionIntervalFrames\": 4}]'),(115,'Zink Mini Splatling',7,2,5,15.0,2,200,62,'splatspinner_collabo',1031.6,'[{\"maxDamage\": 32.0, \"minDamage\": 16.0, \"hasOneshot\": null, \"windupFrames\": 18, \"inkEfficiency\": 7.5, \"effectiveRange\": 10.0, \"firingModeName\": \"Partial Charge\", \"actionIntervalFrames\": 4}, {\"maxDamage\": 32.0, \"minDamage\": 16.0, \"hasOneshot\": null, \"windupFrames\": 27, \"inkEfficiency\": 15.0, \"effectiveRange\": 13.7, \"firingModeName\": \"Full Charge\", \"actionIntervalFrames\": 4}]'),(116,'Mini Splatling RTL-R',11,1,5,15.0,2,200,62,'splatspinner_pytn',1100.9,'[{\"maxDamage\": 32.0, \"minDamage\": 16.0, \"hasOneshot\": null, \"windupFrames\": 18, \"inkEfficiency\": 7.5, \"effectiveRange\": 10.0, \"firingModeName\": \"Partial Charge\", \"actionIntervalFrames\": 4}, {\"maxDamage\": 32.0, \"minDamage\": 16.0, \"hasOneshot\": null, \"windupFrames\": 27, \"inkEfficiency\": 15.0, \"effectiveRange\": 13.7, \"firingModeName\": \"Full Charge\", \"actionIntervalFrames\": 4}]'),(117,'Heavy Splatling',10,8,5,21.0,2,210,78,'barrelspinner',1236,'[{\"maxDamage\": 30.0, \"minDamage\": 15.0, \"hasOneshot\": null, \"windupFrames\": 48, \"inkEfficiency\": 12.0, \"effectiveRange\": 10.0, \"firingModeName\": \"Partial Charge\", \"actionIntervalFrames\": 4}, {\"maxDamage\": 30.0, \"minDamage\": 15.0, \"hasOneshot\": null, \"windupFrames\": 72, \"inkEfficiency\": 22.5, \"effectiveRange\": 19.0, \"firingModeName\": \"Full Charge\", \"actionIntervalFrames\": 4}]'),(118,'Heavy Splatling Deco',8,7,5,21.0,2,200,78,'barrelspinner_deco',1044.5,'[{\"maxDamage\": 30.0, \"minDamage\": 15.0, \"hasOneshot\": false, \"windupFrames\": 48, \"inkEfficiency\": 12.0, \"effectiveRange\": 10.0, \"firingModeName\": \"Partial Charge\", \"actionIntervalFrames\": 4}, {\"maxDamage\": 30.0, \"minDamage\": 15.0, \"hasOneshot\": false, \"windupFrames\": 72, \"inkEfficiency\": 22.5, \"effectiveRange\": 19.0, \"firingModeName\": \"Full Charge\", \"actionIntervalFrames\": 4}]'),(119,'Order Splatling Replica',10,8,5,21.0,2,210,78,'order_spinner_replica',1204.4,'[{\"maxDamage\": 30.0, \"minDamage\": 15.0, \"hasOneshot\": null, \"windupFrames\": 48, \"inkEfficiency\": 12.0, \"effectiveRange\": 10.0, \"firingModeName\": \"Partial Charge\", \"actionIntervalFrames\": 4}, {\"maxDamage\": 30.0, \"minDamage\": 15.0, \"hasOneshot\": null, \"windupFrames\": 72, \"inkEfficiency\": 22.5, \"effectiveRange\": 19.0, \"firingModeName\": \"Full Charge\", \"actionIntervalFrames\": 4}]'),(120,'Hydra Splatling',5,6,5,24.5,3,190,85,'hydra',910.4,'[{\"maxDamage\": 32.0, \"minDamage\": 16.0, \"hasOneshot\": null, \"windupFrames\": 120, \"inkEfficiency\": 18.0, \"effectiveRange\": 10.0, \"firingModeName\": \"Partial Charge\", \"actionIntervalFrames\": 4}, {\"maxDamage\": 40.0, \"minDamage\": 16.0, \"hasOneshot\": null, \"windupFrames\": 150, \"inkEfficiency\": 35.0, \"effectiveRange\": 22.0, \"firingModeName\": \"Full Charge\", \"actionIntervalFrames\": 4}]'),(121,'Custom Hydra Splatling',6,18,5,24.5,3,200,85,'hydra_custom',978.8,'[{\"maxDamage\": 32.0, \"minDamage\": 16.0, \"hasOneshot\": null, \"windupFrames\": 120, \"inkEfficiency\": 18.0, \"effectiveRange\": 10.0, \"firingModeName\": \"Partial Charge\", \"actionIntervalFrames\": 4}, {\"maxDamage\": 40.0, \"minDamage\": 16.0, \"hasOneshot\": null, \"windupFrames\": 150, \"inkEfficiency\": 35.0, \"effectiveRange\": 22.0, \"firingModeName\": \"Full Charge\", \"actionIntervalFrames\": 4}]'),(122,'Torrentz Hydra Splatling',10,2,5,24.5,3,200,85,'hydra_atsu',919.3,'[{\"maxDamage\": 32.0, \"minDamage\": 16.0, \"hasOneshot\": null, \"windupFrames\": 120, \"inkEfficiency\": 18.0, \"effectiveRange\": 10.0, \"firingModeName\": \"Partial Charge\", \"actionIntervalFrames\": 4}, {\"maxDamage\": 40.0, \"minDamage\": 16.0, \"hasOneshot\": null, \"windupFrames\": 150, \"inkEfficiency\": 35.0, \"effectiveRange\": 22.0, \"firingModeName\": \"Full Charge\", \"actionIntervalFrames\": 4}]'),(123,'Ballpoint Splatling',12,11,5,24.5,2,210,84,'kugelschreiber',1027.7,'[{\"maxDamage\": 28.0, \"minDamage\": 14.0, \"hasOneshot\": null, \"windupFrames\": 15, \"inkEfficiency\": 5.0, \"effectiveRange\": 10.3, \"firingModeName\": \"Partial Charge\", \"actionIntervalFrames\": 3}, {\"maxDamage\": 28.0, \"minDamage\": 14.0, \"hasOneshot\": null, \"windupFrames\": 100, \"inkEfficiency\": 25.0, \"effectiveRange\": 20.8, \"firingModeName\": \"Full Charge\", \"actionIntervalFrames\": 5}]'),(124,'Ballpoint Splatling Nouveau',6,9,5,24.5,2,200,84,'kugelschreiber_hue',891.4,'[{\"maxDamage\": 28.0, \"minDamage\": 14.0, \"hasOneshot\": null, \"windupFrames\": 15, \"inkEfficiency\": 5.0, \"effectiveRange\": 10.3, \"firingModeName\": \"Partial Charge\", \"actionIntervalFrames\": 3}, {\"maxDamage\": 28.0, \"minDamage\": 14.0, \"hasOneshot\": null, \"windupFrames\": 100, \"inkEfficiency\": 25.0, \"effectiveRange\": 20.8, \"firingModeName\": \"Full Charge\", \"actionIntervalFrames\": 5}]'),(125,'Nautilus 47',8,5,5,18.0,2,190,74,'nautilus47',925.9,'[{\"maxDamage\": 32.0, \"minDamage\": 16.0, \"hasOneshot\": null, \"windupFrames\": 38, \"inkEfficiency\": 7.5, \"effectiveRange\": 16.2, \"firingModeName\": \"Partial Charge\", \"actionIntervalFrames\": 4}, {\"maxDamage\": 32.0, \"minDamage\": 16.0, \"hasOneshot\": null, \"windupFrames\": 76, \"inkEfficiency\": 15.0, \"effectiveRange\": 16.2, \"firingModeName\": \"Full Charge\", \"actionIntervalFrames\": 4}]'),(126,'Nautilus 79',2,19,5,18.0,2,200,74,'nautilus79',933.5,'[{\"maxDamage\": 32.0, \"minDamage\": 16.0, \"hasOneshot\": null, \"windupFrames\": 38, \"inkEfficiency\": 7.5, \"effectiveRange\": 16.2, \"firingModeName\": \"Partial Charge\", \"actionIntervalFrames\": 4}, {\"maxDamage\": 32.0, \"minDamage\": 16.0, \"hasOneshot\": null, \"windupFrames\": 76, \"inkEfficiency\": 15.0, \"effectiveRange\": 16.2, \"firingModeName\": \"Full Charge\", \"actionIntervalFrames\": 4}]'),(127,'Heavy Edit Splatling',4,16,5,17.0,2,200,70,'examiner',979.8,'[{\"maxDamage\": 26.0, \"minDamage\": 13.0, \"hasOneshot\": null, \"windupFrames\": 60, \"inkEfficiency\": 10.0, \"effectiveRange\": 10.0, \"firingModeName\": \"Partial Charge\", \"actionIntervalFrames\": 4}, {\"maxDamage\": 26.0, \"minDamage\": 13.0, \"hasOneshot\": null, \"windupFrames\": 120, \"inkEfficiency\": 20.0, \"effectiveRange\": 16.0, \"firingModeName\": \"Full Charge\", \"actionIntervalFrames\": 3}]'),(128,'Heavy Edit Splatling Nouveau',1,13,5,17.0,2,210,70,'examiner_hue',971.4,'[{\"maxDamage\": 26.0, \"minDamage\": 13.0, \"hasOneshot\": null, \"windupFrames\": 60, \"inkEfficiency\": 10.0, \"effectiveRange\": 10.0, \"firingModeName\": \"Partial Charge\", \"actionIntervalFrames\": 4}, {\"maxDamage\": 26.0, \"minDamage\": 13.0, \"hasOneshot\": null, \"windupFrames\": 120, \"inkEfficiency\": 20.0, \"effectiveRange\": 16.0, \"firingModeName\": \"Full Charge\", \"actionIntervalFrames\": 3}]'),(129,'Dapple Dualies',11,16,6,9.8,1,180,24,'sputtery',871.9,'[{\"maxDamage\": 36.0, \"minDamage\": 18.0, \"hasOneshot\": null, \"windupFrames\": null, \"inkEfficiency\": 0.66, \"effectiveRange\": 8.5, \"firingModeName\": \"Continuous Fire\", \"actionIntervalFrames\": 5}, {\"maxDamage\": 36.0, \"minDamage\": 18.0, \"hasOneshot\": null, \"windupFrames\": 16, \"inkEfficiency\": 0.66, \"effectiveRange\": 8.5, \"firingModeName\": \"Turret Mode\", \"actionIntervalFrames\": 4}]'),(130,'Dapple Dualies Nouveau',13,14,6,9.8,1,190,24,'sputtery_hue',949,'[{\"maxDamage\": 36.0, \"minDamage\": 18.0, \"hasOneshot\": null, \"windupFrames\": null, \"inkEfficiency\": 0.66, \"effectiveRange\": 8.5, \"firingModeName\": \"Continuous Fire\", \"actionIntervalFrames\": 5}, {\"maxDamage\": 36.0, \"minDamage\": 18.0, \"hasOneshot\": null, \"windupFrames\": 16, \"inkEfficiency\": 0.66, \"effectiveRange\": 8.5, \"firingModeName\": \"Turret Mode\", \"actionIntervalFrames\": 4}]'),(131,'Dapple Dualies NOC-T',1,10,6,9.8,1,190,24,'sputtery_owl',921,'[{\"maxDamage\": 36.0, \"minDamage\": 18.0, \"hasOneshot\": null, \"windupFrames\": null, \"inkEfficiency\": 0.66, \"effectiveRange\": 8.5, \"firingModeName\": \"Continuous Fire\", \"actionIntervalFrames\": 5}, {\"maxDamage\": 36.0, \"minDamage\": 18.0, \"hasOneshot\": null, \"windupFrames\": 16, \"inkEfficiency\": 0.66, \"effectiveRange\": 8.5, \"firingModeName\": \"Turret Mode\", \"actionIntervalFrames\": 5}]'),(132,'Splat Dualies',2,13,6,12.5,2,200,50,'maneuver',975.4,'[{\"maxDamage\": 30.0, \"minDamage\": 15.0, \"hasOneshot\": null, \"windupFrames\": null, \"inkEfficiency\": 0.72, \"effectiveRange\": 10.8, \"firingModeName\": \"Continuous Fire\", \"actionIntervalFrames\": 5}, {\"maxDamage\": 30.0, \"minDamage\": 15.0, \"hasOneshot\": null, \"windupFrames\": 20, \"inkEfficiency\": 0.72, \"effectiveRange\": 10.8, \"firingModeName\": \"Turret Mode\", \"actionIntervalFrames\": 4}]'),(133,'Enperry Splat Dualies',4,19,6,12.5,2,190,50,'maneuver_collabo',933.6,'[{\"maxDamage\": 30.0, \"minDamage\": 15.0, \"hasOneshot\": null, \"windupFrames\": null, \"inkEfficiency\": 0.72, \"effectiveRange\": 10.8, \"firingModeName\": \"Continuous Fire\", \"actionIntervalFrames\": 5}, {\"maxDamage\": 30.0, \"minDamage\": 15.0, \"hasOneshot\": null, \"windupFrames\": 20, \"inkEfficiency\": 0.72, \"effectiveRange\": 10.8, \"firingModeName\": \"Turret Mode\", \"actionIntervalFrames\": 4}]'),(134,'Twinklez Splat Dualies',12,2,6,12.5,2,190,50,'maneuver_you',874.3,'[{\"maxDamage\": 30.0, \"minDamage\": 15.0, \"hasOneshot\": null, \"windupFrames\": null, \"inkEfficiency\": 0.72, \"effectiveRange\": 10.8, \"firingModeName\": \"Continuous Fire\", \"actionIntervalFrames\": 5}, {\"maxDamage\": 30.0, \"minDamage\": 15.0, \"hasOneshot\": null, \"windupFrames\": 20, \"inkEfficiency\": 0.72, \"effectiveRange\": 10.8, \"firingModeName\": \"Turret Mode\", \"actionIntervalFrames\": 4}]'),(135,'Order Dualie Replicas',2,13,6,12.5,2,200,50,'order_maneuver_replica',1010.4,'[{\"maxDamage\": 30.0, \"minDamage\": 15.0, \"hasOneshot\": null, \"windupFrames\": null, \"inkEfficiency\": 0.72, \"effectiveRange\": 10.8, \"firingModeName\": \"Continuous Fire\", \"actionIntervalFrames\": 5}, {\"maxDamage\": 30.0, \"minDamage\": 15.0, \"hasOneshot\": null, \"windupFrames\": 20, \"inkEfficiency\": 0.72, \"effectiveRange\": 10.8, \"firingModeName\": \"Turret Mode\", \"actionIntervalFrames\": 4}]'),(136,'Glooga Dualies',9,6,6,16.0,2,180,66,'kelvin525',887,'[{\"maxDamage\": 36.0, \"minDamage\": 18.0, \"hasOneshot\": null, \"windupFrames\": null, \"inkEfficiency\": 1.4, \"effectiveRange\": 13.0, \"firingModeName\": \"Continuous Fire\", \"actionIntervalFrames\": 9}, {\"maxDamage\": 52.5, \"minDamage\": 26.3, \"hasOneshot\": null, \"windupFrames\": 28, \"inkEfficiency\": 1.4, \"effectiveRange\": 14.6, \"firingModeName\": \"Turret Mode\", \"actionIntervalFrames\": 9}]'),(137,'Glooga Dualies Deco',8,1,6,16.0,2,190,66,'kelvin525_deco',751.4,'[{\"maxDamage\": 36.0, \"minDamage\": 18.0, \"hasOneshot\": null, \"windupFrames\": null, \"inkEfficiency\": 1.4, \"effectiveRange\": 13.0, \"firingModeName\": \"Continuous Fire\", \"actionIntervalFrames\": 9}, {\"maxDamage\": 52.5, \"minDamage\": 26.3, \"hasOneshot\": null, \"windupFrames\": 28, \"inkEfficiency\": 1.4, \"effectiveRange\": 14.6, \"firingModeName\": \"Turret Mode\", \"actionIntervalFrames\": 9}]'),(138,'Dualie Squelchers',1,8,6,17.0,2,200,70,'dualsweeper',965.7,'[{\"maxDamage\": 28.0, \"minDamage\": 14.0, \"hasOneshot\": null, \"windupFrames\": null, \"inkEfficiency\": 1.2, \"effectiveRange\": 15.0, \"firingModeName\": \"Continuous Fire\", \"actionIntervalFrames\": 6}, {\"maxDamage\": 28.0, \"minDamage\": 14.0, \"hasOneshot\": null, \"windupFrames\": 24, \"inkEfficiency\": 1.2, \"effectiveRange\": 15.0, \"firingModeName\": \"Turret Mode\", \"actionIntervalFrames\": 6}]'),(139,'Custom Dualie Squelchers',11,17,6,17.0,2,200,70,'dualsweeper_custom',959.1,'[{\"maxDamage\": 28.0, \"minDamage\": 14.0, \"hasOneshot\": null, \"windupFrames\": null, \"inkEfficiency\": 1.2, \"effectiveRange\": 15.0, \"firingModeName\": \"Continuous Fire\", \"actionIntervalFrames\": 6}, {\"maxDamage\": 28.0, \"minDamage\": 14.0, \"hasOneshot\": null, \"windupFrames\": 24, \"inkEfficiency\": 1.2, \"effectiveRange\": 15.0, \"firingModeName\": \"Turret Mode\", \"actionIntervalFrames\": 6}]'),(140,'Hoofz Dualie Squelchers',8,18,6,17.0,2,190,70,'dualsweeper_tei',878.2,'[{\"maxDamage\": 28.0, \"minDamage\": 14.0, \"hasOneshot\": null, \"windupFrames\": null, \"inkEfficiency\": 1.2, \"effectiveRange\": 15.0, \"firingModeName\": \"Continuous Fire\", \"actionIntervalFrames\": 6}, {\"maxDamage\": 28.0, \"minDamage\": 14.0, \"hasOneshot\": null, \"windupFrames\": 24, \"inkEfficiency\": 1.2, \"effectiveRange\": 15.0, \"firingModeName\": \"Turret Mode\", \"actionIntervalFrames\": 6}]'),(141,'Dark Tetra Dualies',5,14,6,14.0,2,200,58,'quadhopper_black',975.5,'[{\"maxDamage\": 28.0, \"minDamage\": 14.0, \"hasOneshot\": null, \"windupFrames\": null, \"inkEfficiency\": 0.8, \"effectiveRange\": 12.3, \"firingModeName\": \"Continuous Fire\", \"actionIntervalFrames\": 6}, {\"maxDamage\": 28.0, \"minDamage\": 14.0, \"hasOneshot\": null, \"windupFrames\": 21, \"inkEfficiency\": 0.8, \"effectiveRange\": 12.3, \"firingModeName\": \"Turret Mode\", \"actionIntervalFrames\": 5}]'),(142,'Light Tetra Dualies',10,3,6,14.0,2,190,58,'quadhopper_white',914.4,'[{\"maxDamage\": 28.0, \"minDamage\": 14.0, \"hasOneshot\": null, \"windupFrames\": null, \"inkEfficiency\": 0.8, \"effectiveRange\": 12.3, \"firingModeName\": \"Continuous Fire\", \"actionIntervalFrames\": 6}, {\"maxDamage\": 28.0, \"minDamage\": 14.0, \"hasOneshot\": null, \"windupFrames\": 21, \"inkEfficiency\": 0.8, \"effectiveRange\": 12.3, \"firingModeName\": \"Turret Mode\", \"actionIntervalFrames\": 5}]'),(143,'Douser Dualies FF',6,10,6,19.1,2,190,78,'gaen_ff',1018,'[{\"maxDamage\": 25.5, \"minDamage\": 12.8, \"hasOneshot\": null, \"windupFrames\": null, \"inkEfficiency\": 1.2, \"effectiveRange\": 18.8, \"firingModeName\": \"Continuous Fire\", \"actionIntervalFrames\": 8}, {\"maxDamage\": 25.5, \"minDamage\": 12.8, \"hasOneshot\": null, \"windupFrames\": 26, \"inkEfficiency\": 1.2, \"effectiveRange\": 13.9, \"firingModeName\": \"Turret Mode\", \"actionIntervalFrames\": 4}]'),(144,'Custom Douser Dualies FF',3,15,6,19.1,2,200,78,'gaen_ff_custom',1085.5,'[{\"maxDamage\": 25.5, \"minDamage\": 12.8, \"hasOneshot\": null, \"windupFrames\": null, \"inkEfficiency\": 1.2, \"effectiveRange\": 18.8, \"firingModeName\": \"Continuous Fire\", \"actionIntervalFrames\": 8}, {\"maxDamage\": 25.5, \"minDamage\": 12.8, \"hasOneshot\": null, \"windupFrames\": 26, \"inkEfficiency\": 1.2, \"effectiveRange\": 13.9, \"firingModeName\": \"Turret Mode\", \"actionIntervalFrames\": 4}]'),(145,'Splat Brella',10,15,7,12.5,2,210,43,'parashelter',1168.8,'[{\"maxDamage\": 81.0, \"minDamage\": 10.8, \"hasOneshot\": null, \"windupFrames\": null, \"inkEfficiency\": 5.0, \"effectiveRange\": 10.7, \"firingModeName\": \"Continuous Fire\", \"actionIntervalFrames\": 30}, {\"maxDamage\": 111.0, \"minDamage\": 10.8, \"hasOneshot\": null, \"windupFrames\": 12, \"inkEfficiency\": 35.0, \"effectiveRange\": 10.7, \"firingModeName\": \"Brella Launch\", \"actionIntervalFrames\": 122}]'),(146,'Sorella Brella',5,11,7,12.5,2,210,43,'parashelter_sorella',1029.3,'[{\"maxDamage\": 81.0, \"minDamage\": 10.8, \"hasOneshot\": null, \"windupFrames\": null, \"inkEfficiency\": 5.0, \"effectiveRange\": 10.7, \"firingModeName\": \"Continuous Fire\", \"actionIntervalFrames\": 30}, {\"maxDamage\": 111.0, \"minDamage\": 10.8, \"hasOneshot\": null, \"windupFrames\": 12, \"inkEfficiency\": 35.0, \"effectiveRange\": 10.7, \"firingModeName\": \"Brella Launch\", \"actionIntervalFrames\": 122}]'),(147,'Order Brella Replica',10,15,7,12.5,2,210,43,'order_shelter_replica',1185.1,'[{\"maxDamage\": 81.0, \"minDamage\": 10.8, \"hasOneshot\": null, \"windupFrames\": null, \"inkEfficiency\": 5.0, \"effectiveRange\": 10.7, \"firingModeName\": \"Continuous Fire\", \"actionIntervalFrames\": 30}, {\"maxDamage\": 111.0, \"minDamage\": 10.8, \"hasOneshot\": null, \"windupFrames\": 12, \"inkEfficiency\": 35.0, \"effectiveRange\": 10.7, \"firingModeName\": \"Brella Launch\", \"actionIntervalFrames\": 122}]'),(148,'Tenta Brella',11,9,7,15.0,3,190,82,'campingshelter',831.4,'[{\"maxDamage\": 119.0, \"minDamage\": 17.0, \"hasOneshot\": null, \"windupFrames\": null, \"inkEfficiency\": 11.0, \"effectiveRange\": 13.5, \"firingModeName\": \"Continuous Fire\", \"actionIntervalFrames\": 52}, {\"maxDamage\": 119.0, \"minDamage\": 17.0, \"hasOneshot\": null, \"windupFrames\": 45, \"inkEfficiency\": 34.0, \"effectiveRange\": 13.5, \"firingModeName\": \"Brella Launch\", \"actionIntervalFrames\": 105}]'),(149,'Tenta Sorella Brella',6,1,7,15.0,3,200,82,'campingshelter_sorella',934.6,'[{\"maxDamage\": 119.0, \"minDamage\": 17.0, \"hasOneshot\": null, \"windupFrames\": null, \"inkEfficiency\": 11.0, \"effectiveRange\": 13.5, \"firingModeName\": \"Continuous Fire\", \"actionIntervalFrames\": 52}, {\"maxDamage\": 119.0, \"minDamage\": 17.0, \"hasOneshot\": null, \"windupFrames\": 45, \"inkEfficiency\": 34.0, \"effectiveRange\": 13.5, \"firingModeName\": \"Brella Launch\", \"actionIntervalFrames\": 105}]'),(150,'Tenta Brella CRE-M',7,17,7,15.0,3,180,82,'campingshelter_crem',1059.9,'[{\"maxDamage\": 119.0, \"minDamage\": 17.0, \"hasOneshot\": null, \"windupFrames\": null, \"inkEfficiency\": 11.0, \"effectiveRange\": 13.5, \"firingModeName\": \"Continuous Fire\", \"actionIntervalFrames\": 52}, {\"maxDamage\": 119.0, \"minDamage\": 17.0, \"hasOneshot\": null, \"windupFrames\": 45, \"inkEfficiency\": 34.0, \"effectiveRange\": 13.5, \"firingModeName\": \"Brella Launch\", \"actionIntervalFrames\": 105}]'),(151,'Undercover Brella',6,14,7,11.8,1,180,50,'spygadget',1129.7,'[{\"maxDamage\": 40.0, \"minDamage\": 9.0, \"hasOneshot\": null, \"windupFrames\": null, \"inkEfficiency\": 4.0, \"effectiveRange\": 11.1, \"firingModeName\": \"Continuous Fire\", \"actionIntervalFrames\": 26}]'),(152,'Undercover Sorella Brella',13,18,7,11.8,1,180,50,'spygadget_sorella',1122.1,'[{\"maxDamage\": 40.0, \"minDamage\": 9.0, \"hasOneshot\": null, \"windupFrames\": null, \"inkEfficiency\": 4.0, \"effectiveRange\": 11.1, \"firingModeName\": \"Continuous Fire\", \"actionIntervalFrames\": 26}]'),(153,'Patternz Undercover Brella',4,10,7,11.8,1,180,50,'spygadget_ryo',1052.1,'[{\"maxDamage\": 40.0, \"minDamage\": 9.0, \"hasOneshot\": null, \"windupFrames\": null, \"inkEfficiency\": 4.0, \"effectiveRange\": 11.1, \"firingModeName\": \"Continuous Fire\", \"actionIntervalFrames\": 26}]'),(154,'Recycled Brella 24 Mk I',14,2,7,14.5,2,190,56,'brella24mk1',863.9,'[{\"maxDamage\": 90.0, \"minDamage\": 10.0, \"hasOneshot\": null, \"windupFrames\": null, \"inkEfficiency\": 6.0, \"effectiveRange\": 12.4, \"firingModeName\": \"Continuous Fire\", \"actionIntervalFrames\": 35}, {\"maxDamage\": 110.0, \"minDamage\": 10.0, \"hasOneshot\": null, \"windupFrames\": 10, \"inkEfficiency\": 21.0, \"effectiveRange\": 12.4, \"firingModeName\": \"Brella Launch\", \"actionIntervalFrames\": 40}]'),(155,'Recycled Brella 24 Mk II',7,19,7,14.5,2,190,56,'brella24mk2',946,'[{\"maxDamage\": 90.0, \"minDamage\": 10.0, \"hasOneshot\": null, \"windupFrames\": null, \"inkEfficiency\": 6.0, \"effectiveRange\": 12.4, \"firingModeName\": \"Continuous Fire\", \"actionIntervalFrames\": 35}, {\"maxDamage\": 110.0, \"minDamage\": 10.0, \"hasOneshot\": null, \"windupFrames\": 10, \"inkEfficiency\": 21.0, \"effectiveRange\": 12.4, \"firingModeName\": \"Brella Launch\", \"actionIntervalFrames\": 40}]'),(156,'Tri-Stringer',7,10,10,25.0,2,190,88,'tristringer',963.5,'[{\"maxDamage\": 30.0, \"minDamage\": 30.0, \"hasOneshot\": null, \"windupFrames\": 9, \"inkEfficiency\": 5.0, \"effectiveRange\": 13.0, \"firingModeName\": \"Continuous Fire\", \"actionIntervalFrames\": 12}, {\"maxDamage\": 65.0, \"minDamage\": 35.0, \"hasOneshot\": null, \"windupFrames\": 30, \"inkEfficiency\": 6.0, \"effectiveRange\": 13.0, \"firingModeName\": \"Partial Charge\", \"actionIntervalFrames\": 15}, {\"maxDamage\": 135.0, \"minDamage\": 65.0, \"hasOneshot\": null, \"windupFrames\": 72, \"inkEfficiency\": 8.5, \"effectiveRange\": 23.7, \"firingModeName\": \"Full Charge\", \"actionIntervalFrames\": 15}]'),(157,'Inkline Tri-Stringer',10,17,10,25.0,2,190,88,'tristringer_collabo',1209.2,'[{\"maxDamage\": 30.0, \"minDamage\": 30.0, \"hasOneshot\": null, \"windupFrames\": 9, \"inkEfficiency\": 5.0, \"effectiveRange\": 13.0, \"firingModeName\": \"Continuous Fire\", \"actionIntervalFrames\": 12}, {\"maxDamage\": 65.0, \"minDamage\": 35.0, \"hasOneshot\": null, \"windupFrames\": 30, \"inkEfficiency\": 6.0, \"effectiveRange\": 13.0, \"firingModeName\": \"Partial Charge\", \"actionIntervalFrames\": 13}, {\"maxDamage\": 135.0, \"minDamage\": 65.0, \"hasOneshot\": null, \"windupFrames\": 72, \"inkEfficiency\": 8.5, \"effectiveRange\": 23.7, \"firingModeName\": \"Full Charge\", \"actionIntervalFrames\": 15}]'),(158,'Bulbz Tri-Stringer',14,11,10,25.0,2,200,88,'tristringer_tou',1053.8,'[{\"maxDamage\": 30.0, \"minDamage\": 30.0, \"hasOneshot\": null, \"windupFrames\": 9, \"inkEfficiency\": 5.0, \"effectiveRange\": 13.0, \"firingModeName\": \"Continuous Fire\", \"actionIntervalFrames\": 12}, {\"maxDamage\": 65.0, \"minDamage\": 35.0, \"hasOneshot\": null, \"windupFrames\": 30, \"inkEfficiency\": 6.0, \"effectiveRange\": null, \"firingModeName\": \"Partial Charge\", \"actionIntervalFrames\": 15}, {\"maxDamage\": 135.0, \"minDamage\": 65.0, \"hasOneshot\": null, \"windupFrames\": 72, \"inkEfficiency\": 8.5, \"effectiveRange\": 23.7, \"firingModeName\": \"Full Charge\", \"actionIntervalFrames\": 15}]'),(159,'Order Stringer Replica',7,10,10,25.0,2,190,88,'order_stringer_replica',1003.9,'[{\"maxDamage\": 30.0, \"minDamage\": 30.0, \"hasOneshot\": null, \"windupFrames\": 9, \"inkEfficiency\": 5.0, \"effectiveRange\": 13.0, \"firingModeName\": \"Continuous Fire\", \"actionIntervalFrames\": 12}, {\"maxDamage\": 65.0, \"minDamage\": 35.0, \"hasOneshot\": null, \"windupFrames\": 30, \"inkEfficiency\": 6.0, \"effectiveRange\": 13.0, \"firingModeName\": \"Partial Charge\", \"actionIntervalFrames\": 15}, {\"maxDamage\": 135.0, \"minDamage\": 65.0, \"hasOneshot\": null, \"windupFrames\": 72, \"inkEfficiency\": 8.5, \"effectiveRange\": 23.7, \"firingModeName\": \"Full Charge\", \"actionIntervalFrames\": 15}]'),(160,'REEF-LUX 450',4,4,10,15.0,1,210,60,'lact450',1184.9,'[{\"maxDamage\": 30.0, \"minDamage\": 30.0, \"hasOneshot\": null, \"windupFrames\": 6, \"inkEfficiency\": 3.5, \"effectiveRange\": 8.6, \"firingModeName\": \"Continuous Fire\", \"actionIntervalFrames\": 8}, {\"maxDamage\": 135.0, \"minDamage\": 45.0, \"hasOneshot\": null, \"windupFrames\": 34, \"inkEfficiency\": 6.5, \"effectiveRange\": 15.0, \"firingModeName\": \"Full Charge\", \"actionIntervalFrames\": 15}]'),(161,'REEF-LUX 450 Deco',9,14,10,15.0,1,200,60,'lact450_deco',1056.5,'[{\"maxDamage\": 30.0, \"minDamage\": 30.0, \"hasOneshot\": null, \"windupFrames\": 6, \"inkEfficiency\": 3.5, \"effectiveRange\": 8.6, \"firingModeName\": \"Continuous Fire\", \"actionIntervalFrames\": 8}, {\"maxDamage\": 135.0, \"minDamage\": 45.0, \"hasOneshot\": null, \"windupFrames\": 34, \"inkEfficiency\": 6.5, \"effectiveRange\": 15.0, \"firingModeName\": \"Full Charge\", \"actionIntervalFrames\": 15}]'),(162,'REEF-LUX 450 MIL-K',13,6,10,15.0,1,210,60,'lact450_milk',1208.4,'[{\"maxDamage\": 30.0, \"minDamage\": 30.0, \"hasOneshot\": null, \"windupFrames\": 6, \"inkEfficiency\": 3.5, \"effectiveRange\": 8.6, \"firingModeName\": \"Continuous Fire\", \"actionIntervalFrames\": 8}, {\"maxDamage\": 135.0, \"minDamage\": 45.0, \"hasOneshot\": null, \"windupFrames\": 34, \"inkEfficiency\": 6.5, \"effectiveRange\": 15.0, \"firingModeName\": \"Full Charge\", \"actionIntervalFrames\": 15}]'),(163,'Wellstring V',5,12,10,23.0,3,200,83,'furuido',1137.9,'[{\"maxDamage\": 72.0, \"minDamage\": 24.0, \"hasOneshot\": null, \"windupFrames\": 12, \"inkEfficiency\": 7.0, \"effectiveRange\": 9.0, \"firingModeName\": \"Continuous Fire\", \"actionIntervalFrames\": 12}, {\"maxDamage\": 120.0, \"minDamage\": 24.0, \"hasOneshot\": null, \"windupFrames\": 40, \"inkEfficiency\": 8.0, \"effectiveRange\": 14.2, \"firingModeName\": \"Partial Charge\", \"actionIntervalFrames\": 15}, {\"maxDamage\": 120.0, \"minDamage\": 30.0, \"hasOneshot\": null, \"windupFrames\": 80, \"inkEfficiency\": 9.0, \"effectiveRange\": 21.6, \"firingModeName\": \"Full Charge\", \"actionIntervalFrames\": 15}]'),(164,'Custom Wellstring V',8,8,10,23.0,3,200,83,'furuido_custom',1011.5,'[{\"maxDamage\": 72.0, \"minDamage\": 24.0, \"hasOneshot\": null, \"windupFrames\": 12, \"inkEfficiency\": 7.0, \"effectiveRange\": 9.0, \"firingModeName\": \"Continuous Fire\", \"actionIntervalFrames\": 12}, {\"maxDamage\": 120.0, \"minDamage\": 24.0, \"hasOneshot\": null, \"windupFrames\": 40, \"inkEfficiency\": 8.0, \"effectiveRange\": 14.2, \"firingModeName\": \"Partial Charge\", \"actionIntervalFrames\": 15}, {\"maxDamage\": 120.0, \"minDamage\": 30.0, \"hasOneshot\": null, \"windupFrames\": 80, \"inkEfficiency\": 9.0, \"effectiveRange\": 21.6, \"firingModeName\": \"Full Charge\", \"actionIntervalFrames\": 15}]'),(165,'Splatana Stamper',3,3,11,16.5,2,210,75,'jimuwiper',895.7,'[{\"maxDamage\": 55.0, \"minDamage\": 35.0, \"hasOneshot\": null, \"windupFrames\": null, \"inkEfficiency\": 5.2, \"effectiveRange\": 18.7, \"firingModeName\": \"Horizontal Swing/Slash\", \"actionIntervalFrames\": 26}, {\"maxDamage\": 210.0, \"minDamage\": 70.0, \"hasOneshot\": null, \"windupFrames\": 20, \"inkEfficiency\": 11.7, \"effectiveRange\": 22.1, \"firingModeName\": \"Vertical Swing/Slash\", \"actionIntervalFrames\": 22}]'),(166,'Splatana Stamper Nouveau',7,13,11,16.5,2,210,75,'jimuwiper_hue',1002.4,'[{\"maxDamage\": 55.0, \"minDamage\": 35.0, \"hasOneshot\": null, \"windupFrames\": null, \"inkEfficiency\": 5.2, \"effectiveRange\": 18.7, \"firingModeName\": \"Horizontal Swing/Slash\", \"actionIntervalFrames\": 26}, {\"maxDamage\": 210.0, \"minDamage\": 70.0, \"hasOneshot\": null, \"windupFrames\": 20, \"inkEfficiency\": 11.7, \"effectiveRange\": 22.1, \"firingModeName\": \"Vertical Swing/Slash\", \"actionIntervalFrames\": 22}]'),(167,'Stickerz Splatana Stamper',5,6,11,16.5,2,190,75,'jimuwiper_fuu',944,'[{\"maxDamage\": 55.0, \"minDamage\": 35.0, \"hasOneshot\": null, \"windupFrames\": null, \"inkEfficiency\": 5.2, \"effectiveRange\": 18.7, \"firingModeName\": \"Horizontal Swing/Slash\", \"actionIntervalFrames\": 26}, {\"maxDamage\": 210.0, \"minDamage\": 70.0, \"hasOneshot\": null, \"windupFrames\": 20, \"inkEfficiency\": 11.7, \"effectiveRange\": 22.1, \"firingModeName\": \"Vertical Swing/Slash\", \"actionIntervalFrames\": 22}]'),(168,'Order Splatana Replica',3,3,11,16.5,2,210,75,'order_wiper_replica',845.2,'[{\"maxDamage\": 55.0, \"minDamage\": 35.0, \"hasOneshot\": null, \"windupFrames\": null, \"inkEfficiency\": 5.2, \"effectiveRange\": 18.7, \"firingModeName\": \"Horizontal Swing/Slash\", \"actionIntervalFrames\": 26}, {\"maxDamage\": 210.0, \"minDamage\": 70.0, \"hasOneshot\": null, \"windupFrames\": 20, \"inkEfficiency\": 11.7, \"effectiveRange\": 22.1, \"firingModeName\": \"Vertical Swing/Slash\", \"actionIntervalFrames\": 22}]'),(169,'Splatana Wiper',13,12,11,13.0,1,190,58,'drivewiper',949,'[{\"maxDamage\": 45.0, \"minDamage\": 30.0, \"hasOneshot\": null, \"windupFrames\": null, \"inkEfficiency\": 3.0, \"effectiveRange\": 15.0, \"firingModeName\": \"Horizontal Swing/Slash\", \"actionIntervalFrames\": 16}, {\"maxDamage\": 180.0, \"minDamage\": 60.0, \"hasOneshot\": null, \"windupFrames\": 14, \"inkEfficiency\": 6.0, \"effectiveRange\": 18.1, \"firingModeName\": \"Vertical Swing/Slash\", \"actionIntervalFrames\": 22}]'),(170,'Splatana Wiper Deco',11,4,11,13.0,1,190,58,'drivewiper_deco',1090,'[{\"maxDamage\": 45.0, \"minDamage\": 30.0, \"hasOneshot\": null, \"windupFrames\": null, \"inkEfficiency\": 3.0, \"effectiveRange\": 15.0, \"firingModeName\": \"Horizontal Swing/Slash\", \"actionIntervalFrames\": 16}, {\"maxDamage\": 180.0, \"minDamage\": 60.0, \"hasOneshot\": null, \"windupFrames\": 14, \"inkEfficiency\": 6.0, \"effectiveRange\": 18.1, \"firingModeName\": \"Vertical Swing/Slash\", \"actionIntervalFrames\": 22}]'),(171,'Splatana Wiper RUS-T',4,1,11,13.0,1,190,58,'drivewiper_rust',776.2,'[{\"maxDamage\": 45.0, \"minDamage\": 30.0, \"hasOneshot\": null, \"windupFrames\": null, \"inkEfficiency\": 3.0, \"effectiveRange\": 15.0, \"firingModeName\": \"Horizontal Swing/Slash\", \"actionIntervalFrames\": 16}, {\"maxDamage\": 180.0, \"minDamage\": 60.0, \"hasOneshot\": null, \"windupFrames\": 14, \"inkEfficiency\": 6.0, \"effectiveRange\": 18.1, \"firingModeName\": \"Vertical Swing/Slash\", \"actionIntervalFrames\": 22}]'),(172,'Mint Decavitator',2,2,11,15.0,2,210,63,'dentalwiper_mint',890.7,'[{\"maxDamage\": 70.0, \"minDamage\": 40.0, \"hasOneshot\": null, \"windupFrames\": null, \"inkEfficiency\": 6.5, \"effectiveRange\": 15.6, \"firingModeName\": \"Horizontal Swing/Slash\", \"actionIntervalFrames\": 30}, {\"maxDamage\": 240.0, \"minDamage\": 80.0, \"hasOneshot\": null, \"windupFrames\": 20, \"inkEfficiency\": 13.0, \"effectiveRange\": 16.4, \"firingModeName\": \"Full Charge\", \"actionIntervalFrames\": 32}]'),(173,'Charcoal Decavitator',9,11,11,15.0,2,200,63,'dentalwiper_sumi',746.5,'[{\"maxDamage\": 70.0, \"minDamage\": 40.0, \"hasOneshot\": null, \"windupFrames\": null, \"inkEfficiency\": 6.5, \"effectiveRange\": 15.6, \"firingModeName\": \"Horizontal Swing/Slash\", \"actionIntervalFrames\": 30}, {\"maxDamage\": 240.0, \"minDamage\": 80.0, \"hasOneshot\": null, \"windupFrames\": 20, \"inkEfficiency\": 13.0, \"effectiveRange\": 16.4, \"firingModeName\": \"Full Charge\", \"actionIntervalFrames\": 32}]');
/*!40000 ALTER TABLE `weapons` ENABLE KEYS */;
UNLOCK TABLES;

--
-- Table structure for table `weight`
--

DROP TABLE IF EXISTS `weight`;
/*!40101 SET @saved_cs_client     = @@character_set_client */;
/*!50503 SET character_set_client = utf8mb4 */;
CREATE TABLE `weight` (
  `weight_id` int NOT NULL,
  `weight_name` varchar(45) DEFAULT NULL,
  PRIMARY KEY (`weight_id`)
) ENGINE=InnoDB DEFAULT CHARSET=utf8mb4 COLLATE=utf8mb4_0900_ai_ci;
/*!40101 SET character_set_client = @saved_cs_client */;

--
-- Dumping data for table `weight`
--

LOCK TABLES `weight` WRITE;
/*!40000 ALTER TABLE `weight` DISABLE KEYS */;
INSERT INTO `weight` VALUES (1,'Lightweight'),(2,'Middleweight'),(3,'Heavyweight');
/*!40000 ALTER TABLE `weight` ENABLE KEYS */;
UNLOCK TABLES;
SET @@SESSION.SQL_LOG_BIN = @MYSQLDUMP_TEMP_LOG_BIN;
/*!40103 SET TIME_ZONE=@OLD_TIME_ZONE */;

/*!40101 SET SQL_MODE=@OLD_SQL_MODE */;
/*!40014 SET FOREIGN_KEY_CHECKS=@OLD_FOREIGN_KEY_CHECKS */;
/*!40014 SET UNIQUE_CHECKS=@OLD_UNIQUE_CHECKS */;
/*!40101 SET CHARACTER_SET_CLIENT=@OLD_CHARACTER_SET_CLIENT */;
/*!40101 SET CHARACTER_SET_RESULTS=@OLD_CHARACTER_SET_RESULTS */;
/*!40101 SET COLLATION_CONNECTION=@OLD_COLLATION_CONNECTION */;
/*!40111 SET SQL_NOTES=@OLD_SQL_NOTES */;

-- Dump completed on 2026-06-15 15:09:16
