-- MySQL dump 10.13  Distrib 8.0.43, for Win64 (x86_64)
--
-- Host: localhost    Database: splatoon_3_weapons
-- ------------------------------------------------------
-- Server version	8.4.8

/*!40101 SET @OLD_CHARACTER_SET_CLIENT=@@CHARACTER_SET_CLIENT */;
/*!40101 SET @OLD_CHARACTER_SET_RESULTS=@@CHARACTER_SET_RESULTS */;
/*!40101 SET @OLD_COLLATION_CONNECTION=@@COLLATION_CONNECTION */;
/*!50503 SET NAMES utf8 */;
/*!40103 SET @OLD_TIME_ZONE=@@TIME_ZONE */;
/*!40103 SET TIME_ZONE='+00:00' */;
/*!40014 SET @OLD_UNIQUE_CHECKS=@@UNIQUE_CHECKS, UNIQUE_CHECKS=0 */;
/*!40014 SET @OLD_FOREIGN_KEY_CHECKS=@@FOREIGN_KEY_CHECKS, FOREIGN_KEY_CHECKS=0 */;
/*!40101 SET @OLD_SQL_MODE=@@SQL_MODE, SQL_MODE='NO_AUTO_VALUE_ON_ZERO' */;
/*!40111 SET @OLD_SQL_NOTES=@@SQL_NOTES, SQL_NOTES=0 */;
SET @MYSQLDUMP_TEMP_LOG_BIN = @@SESSION.SQL_LOG_BIN;
SET @@SESSION.SQL_LOG_BIN= 0;

--
-- GTID state at the beginning of the backup 
--

SET @@GLOBAL.GTID_PURGED=/*!80000 '+'*/ '';

--
-- Table structure for table `firing_mode_lookup`
--

DROP TABLE IF EXISTS `firing_mode_lookup`;
/*!40101 SET @saved_cs_client     = @@character_set_client */;
/*!50503 SET character_set_client = utf8mb4 */;
CREATE TABLE `firing_mode_lookup` (
  `id` int NOT NULL AUTO_INCREMENT,
  `firing_mode_name` varchar(50) NOT NULL,
  PRIMARY KEY (`id`),
  UNIQUE KEY `firing_mode_name` (`firing_mode_name`)
) ENGINE=InnoDB AUTO_INCREMENT=12 DEFAULT CHARSET=utf8mb4 COLLATE=utf8mb4_0900_ai_ci;
/*!40101 SET character_set_client = @saved_cs_client */;

--
-- Dumping data for table `firing_mode_lookup`
--

LOCK TABLES `firing_mode_lookup` WRITE;
/*!40000 ALTER TABLE `firing_mode_lookup` DISABLE KEYS */;
INSERT INTO `firing_mode_lookup` VALUES (11,'Brella Launch'),(2,'Continuous Fire'),(1,'First Shot'),(4,'From Standing'),(3,'From Swim Form'),(10,'Full Charge'),(6,'Horizontal Swing/Slash'),(9,'Partial Charge'),(5,'Rolling'),(8,'Turret Mode'),(7,'Vertical Swing/Slash');
/*!40000 ALTER TABLE `firing_mode_lookup` ENABLE KEYS */;
UNLOCK TABLES;

--
-- Table structure for table `inkfish`
--

DROP TABLE IF EXISTS `inkfish`;
/*!40101 SET @saved_cs_client     = @@character_set_client */;
/*!50503 SET character_set_client = utf8mb4 */;
CREATE TABLE `inkfish` (
  `id` int NOT NULL AUTO_INCREMENT,
  `name` varchar(255) DEFAULT NULL,
  `color_chip` varchar(255) DEFAULT NULL,
  PRIMARY KEY (`id`)
) ENGINE=InnoDB AUTO_INCREMENT=2 DEFAULT CHARSET=utf8mb4 COLLATE=utf8mb4_0900_ai_ci;
/*!40101 SET character_set_client = @saved_cs_client */;

--
-- Dumping data for table `inkfish`
--

LOCK TABLES `inkfish` WRITE;
/*!40000 ALTER TABLE `inkfish` DISABLE KEYS */;
INSERT INTO `inkfish` VALUES (1,'Azhdarcho','$2a$12$4o9fl7OV5zmpsYuh1F4J8uy/HiTWu6lONXssxSGndhzdD3AR9ciOC');
/*!40000 ALTER TABLE `inkfish` ENABLE KEYS */;
UNLOCK TABLES;

--
-- Table structure for table `special_weapons`
--

DROP TABLE IF EXISTS `special_weapons`;
/*!40101 SET @saved_cs_client     = @@character_set_client */;
/*!50503 SET character_set_client = utf8mb4 */;
CREATE TABLE `special_weapons` (
  `special_weapon_id` int NOT NULL AUTO_INCREMENT,
  `special_weapon_name` varchar(45) DEFAULT NULL,
  PRIMARY KEY (`special_weapon_id`)
) ENGINE=InnoDB AUTO_INCREMENT=20 DEFAULT CHARSET=utf8mb4 COLLATE=utf8mb4_0900_ai_ci;
/*!40101 SET character_set_client = @saved_cs_client */;

--
-- Dumping data for table `special_weapons`
--

LOCK TABLES `special_weapons` WRITE;
/*!40000 ALTER TABLE `special_weapons` DISABLE KEYS */;
INSERT INTO `special_weapons` VALUES (1,'Trizooka'),(2,'Big Bubbler'),(3,'Zipcaster'),(4,'Tenta Missiles'),(5,'Ink Storm'),(6,'Booyah Bomb'),(7,'Kraken Royale'),(8,'Wave Breaker'),(9,'Ink Vac'),(10,'Killer Wail 5.1'),(11,'Inkjet'),(12,'Ultra Stamp'),(13,'Crab Tank'),(14,'Reefslider'),(15,'Triple Inkstrike'),(16,'Tacticooler'),(17,'Super Chump'),(18,'Splattercolor Screen'),(19,'Triple Splashdown');
/*!40000 ALTER TABLE `special_weapons` ENABLE KEYS */;
UNLOCK TABLES;

--
-- Table structure for table `subweapons`
--

DROP TABLE IF EXISTS `subweapons`;
/*!40101 SET @saved_cs_client     = @@character_set_client */;
/*!50503 SET character_set_client = utf8mb4 */;
CREATE TABLE `subweapons` (
  `subweapon_id` int NOT NULL AUTO_INCREMENT,
  `subweapon_name` varchar(45) DEFAULT NULL,
  PRIMARY KEY (`subweapon_id`)
) ENGINE=InnoDB AUTO_INCREMENT=15 DEFAULT CHARSET=utf8mb4 COLLATE=utf8mb4_0900_ai_ci;
/*!40101 SET character_set_client = @saved_cs_client */;

--
-- Dumping data for table `subweapons`
--

LOCK TABLES `subweapons` WRITE;
/*!40000 ALTER TABLE `subweapons` DISABLE KEYS */;
INSERT INTO `subweapons` VALUES (1,'Splat Bomb'),(2,'Suction Bomb'),(3,'Burst Bomb'),(4,'Curling Bomb'),(5,'Autobomb'),(6,'Ink Mine'),(7,'Toxic Mist'),(8,'Point Sensor'),(9,'Splash Wall'),(10,'Sprinkler'),(11,'Squid Beakon'),(12,'Fizzy Bomb'),(13,'Torpedo'),(14,'Angle Shooter');
/*!40000 ALTER TABLE `subweapons` ENABLE KEYS */;
UNLOCK TABLES;

--
-- Table structure for table `weapon_type`
--

DROP TABLE IF EXISTS `weapon_type`;
/*!40101 SET @saved_cs_client     = @@character_set_client */;
/*!50503 SET character_set_client = utf8mb4 */;
CREATE TABLE `weapon_type` (
  `weapon_type_id` int NOT NULL AUTO_INCREMENT,
  `weapon_type_name` varchar(45) DEFAULT NULL,
  PRIMARY KEY (`weapon_type_id`)
) ENGINE=InnoDB AUTO_INCREMENT=12 DEFAULT CHARSET=utf8mb4 COLLATE=utf8mb4_0900_ai_ci;
/*!40101 SET character_set_client = @saved_cs_client */;

--
-- Dumping data for table `weapon_type`
--

LOCK TABLES `weapon_type` WRITE;
/*!40000 ALTER TABLE `weapon_type` DISABLE KEYS */;
INSERT INTO `weapon_type` VALUES (1,'Shooters'),(2,'Rollers'),(3,'Chargers'),(4,'Sloshers'),(5,'Splatlings'),(6,'Dualies'),(7,'Brellas'),(8,'Blasters'),(9,'Brushes'),(10,'Stringers'),(11,'Splatanas');
/*!40000 ALTER TABLE `weapon_type` ENABLE KEYS */;
UNLOCK TABLES;

--
-- Table structure for table `weapons`
--

DROP TABLE IF EXISTS `weapons`;
/*!40101 SET @saved_cs_client     = @@character_set_client */;
/*!50503 SET character_set_client = utf8mb4 */;
CREATE TABLE `weapons` (
  `weapon_id` int NOT NULL AUTO_INCREMENT,
  `weapon_name` varchar(45) DEFAULT NULL,
  `subweapon_id` int DEFAULT NULL,
  `special_weapon_id` int DEFAULT NULL,
  `class_id` int DEFAULT NULL,
  `matchmaking_range` decimal(10,1) DEFAULT NULL,
  `weight_id` int DEFAULT NULL,
  `special_points` int DEFAULT NULL,
  `range_actual` int DEFAULT NULL,
  `secret_name` varchar(50) DEFAULT NULL,
  `avg_paint_per_match` float DEFAULT NULL,
  `firing_modes` json DEFAULT NULL,
  `fire_rate` int DEFAULT NULL,
  `has_oneshot` bit(1) DEFAULT NULL,
  `max_damage` int DEFAULT NULL,
  `min_damage` int DEFAULT NULL,
  PRIMARY KEY (`weapon_id`),
  KEY `fk_weapons_subweapon` (`subweapon_id`),
  KEY `fk_weapons_specialweapon` (`special_weapon_id`),
  KEY `fk_weapons_weapontype` (`class_id`),
  KEY `fk_weapons_weight` (`weight_id`),
  CONSTRAINT `fk_weapons_specialweapon` FOREIGN KEY (`special_weapon_id`) REFERENCES `special_weapons` (`special_weapon_id`),
  CONSTRAINT `fk_weapons_subweapon` FOREIGN KEY (`subweapon_id`) REFERENCES `subweapons` (`subweapon_id`),
  CONSTRAINT `fk_weapons_weapontype` FOREIGN KEY (`class_id`) REFERENCES `weapon_type` (`weapon_type_id`),
  CONSTRAINT `fk_weapons_weight` FOREIGN KEY (`weight_id`) REFERENCES `weight` (`weight_id`)
) ENGINE=InnoDB AUTO_INCREMENT=174 DEFAULT CHARSET=utf8mb4 COLLATE=utf8mb4_0900_ai_ci;
/*!40101 SET character_set_client = @saved_cs_client */;

--
-- Dumping data for table `weapons`
--

LOCK TABLES `weapons` WRITE;
/*!40000 ALTER TABLE `weapons` DISABLE KEYS */;
INSERT INTO `weapons` VALUES (1,'Sploosh-o-matic',4,12,1,8.2,1,190,12,'',NULL,'[{\"maxDamage\": 38.0, \"minDamage\": 19.0, \"hasOneshot\": null, \"windupFrames\": 0, \"inkEfficiency\": 0.8, \"effectiveRange\": 7.17, \"firingModeName\": \"Continuous Fire\", \"actionIntervalFrames\": 5}]',NULL,NULL,NULL,NULL),(2,'Neo Sploosh-o-matic',11,10,1,8.2,1,170,12,'',NULL,'[{\"maxDamage\": 38.0, \"minDamage\": 19.0, \"hasOneshot\": null, \"windupFrames\": 0, \"inkEfficiency\": 0.8, \"effectiveRange\": 7.17, \"firingModeName\": \"Continuous Fire\", \"actionIntervalFrames\": 5}]',NULL,_binary '\0',NULL,NULL),(3,'Splattershot Jr.',1,2,1,11.3,1,180,36,'',NULL,'[{\"maxDamage\": 28.0, \"minDamage\": 14.0, \"hasOneshot\": null, \"windupFrames\": 0, \"inkEfficiency\": 0.43, \"effectiveRange\": 10.19, \"firingModeName\": \"Continuous Fire\", \"actionIntervalFrames\": 5}]',NULL,_binary '\0',NULL,NULL),(4,'Custom Splattershot Jr',13,8,1,11.3,1,190,36,'',NULL,'[{\"maxDamage\": 28.0, \"minDamage\": 14.0, \"hasOneshot\": null, \"windupFrames\": 0, \"inkEfficiency\": 0.43, \"effectiveRange\": 10.19, \"firingModeName\": \"Continuous Fire\", \"actionIntervalFrames\": 5}]',NULL,_binary '\0',NULL,NULL),(5,'Splash-o-matic',3,13,1,12.1,1,210,43,'',NULL,'[{\"maxDamage\": 28.0, \"minDamage\": 14.0, \"hasOneshot\": null, \"windupFrames\": 0, \"inkEfficiency\": 0.43, \"effectiveRange\": 10.19, \"firingModeName\": \"Continuous Fire\", \"actionIntervalFrames\": 5}]',NULL,_binary '\0',NULL,NULL),(6,'Neo Splash-o-matic',2,15,1,12.1,1,200,43,'',NULL,'[{\"maxDamage\": 28.0, \"minDamage\": 14.0, \"hasOneshot\": false, \"windupFrames\": 0, \"inkEfficiency\": null, \"effectiveRange\": null, \"firingModeName\": null, \"actionIntervalFrames\": null}]',NULL,NULL,NULL,NULL),(7,'Splash-o-matic GCK-O',7,5,1,12.1,1,180,43,'',NULL,'[{\"maxDamage\": 28.0, \"minDamage\": 14.0, \"hasOneshot\": false, \"windupFrames\": 0, \"inkEfficiency\": null, \"effectiveRange\": null, \"firingModeName\": null, \"actionIntervalFrames\": null}]',NULL,NULL,NULL,NULL),(8,'Aerospray MG',12,14,1,11.3,1,180,36,'',NULL,'[{\"maxDamage\": 24.0, \"minDamage\": 12.0, \"hasOneshot\": false, \"windupFrames\": 0, \"inkEfficiency\": null, \"effectiveRange\": null, \"firingModeName\": null, \"actionIntervalFrames\": null}]',NULL,NULL,NULL,NULL),(9,'Aerospray RG',10,6,1,11.3,1,190,36,'',NULL,'[{\"maxDamage\": 24.0, \"minDamage\": 12.0, \"hasOneshot\": false, \"windupFrames\": 0, \"inkEfficiency\": null, \"effectiveRange\": null, \"firingModeName\": null, \"actionIntervalFrames\": null}]',NULL,NULL,NULL,NULL),(10,'Colorz Aerospray',3,18,1,11.3,1,180,36,'',NULL,'[{\"maxDamage\": 24.0, \"minDamage\": 12.0, \"hasOneshot\": false, \"windupFrames\": 0, \"inkEfficiency\": null, \"effectiveRange\": null, \"firingModeName\": null, \"actionIntervalFrames\": null}]',NULL,NULL,NULL,NULL),(11,'Splattershot',2,1,1,12.9,2,200,52,'',NULL,'[{\"maxDamage\": 36.0, \"minDamage\": 18.0, \"hasOneshot\": false, \"windupFrames\": 0, \"inkEfficiency\": null, \"effectiveRange\": null, \"firingModeName\": null, \"actionIntervalFrames\": null}]',NULL,NULL,NULL,NULL),(12,'Tentatek Spattershot',1,15,1,12.9,2,190,52,'',NULL,'[{\"maxDamage\": 36.0, \"minDamage\": 18.0, \"hasOneshot\": false, \"windupFrames\": 0, \"inkEfficiency\": null, \"effectiveRange\": null, \"firingModeName\": null, \"actionIntervalFrames\": null}]',NULL,NULL,NULL,NULL),(13,'Glamorz Splattershot',3,7,1,12.9,2,190,52,'',NULL,'[{\"maxDamage\": 36.0, \"minDamage\": 18.0, \"hasOneshot\": false, \"windupFrames\": 0, \"inkEfficiency\": null, \"effectiveRange\": null, \"firingModeName\": null, \"actionIntervalFrames\": null}]',NULL,NULL,NULL,NULL),(14,'Hero Shot Replica',2,1,1,12.9,2,100,52,'',NULL,'[{\"maxDamage\": 36.0, \"minDamage\": 18.0, \"hasOneshot\": false, \"windupFrames\": 0, \"inkEfficiency\": null, \"effectiveRange\": null, \"firingModeName\": null, \"actionIntervalFrames\": null}]',NULL,NULL,NULL,NULL),(15,'Octo Shot Replica',2,1,1,12.9,2,200,52,'',NULL,'[{\"maxDamage\": 36.0, \"minDamage\": 18.0, \"hasOneshot\": false, \"windupFrames\": 0, \"inkEfficiency\": null, \"effectiveRange\": null, \"firingModeName\": null, \"actionIntervalFrames\": null}]',NULL,NULL,NULL,NULL),(16,'Order Shot Replica',2,1,1,12.9,2,200,52,'',NULL,'[{\"maxDamage\": 36.0, \"minDamage\": 18.0, \"hasOneshot\": false, \"windupFrames\": 0, \"inkEfficiency\": null, \"effectiveRange\": null, \"firingModeName\": null, \"actionIntervalFrames\": null}]',NULL,NULL,NULL,NULL),(17,'.52 Gal',9,10,1,13.3,2,200,55,'',NULL,'[{\"maxDamage\": 52.0, \"minDamage\": 26.0, \"hasOneshot\": false, \"windupFrames\": 0, \"inkEfficiency\": null, \"effectiveRange\": null, \"firingModeName\": null, \"actionIntervalFrames\": null}]',NULL,NULL,NULL,NULL),(18,'.52 Gal Deco',4,18,1,13.3,2,190,55,'',NULL,'[{\"maxDamage\": 52.0, \"minDamage\": 26.0, \"hasOneshot\": false, \"windupFrames\": 0, \"inkEfficiency\": null, \"effectiveRange\": null, \"firingModeName\": null, \"actionIntervalFrames\": null}]',NULL,NULL,NULL,NULL),(19,'N-Zap \'85',2,16,1,12.5,1,200,50,'',NULL,'[{\"maxDamage\": 30.0, \"minDamage\": 15.0, \"hasOneshot\": false, \"windupFrames\": 0, \"inkEfficiency\": null, \"effectiveRange\": null, \"firingModeName\": null, \"actionIntervalFrames\": null}]',NULL,NULL,NULL,NULL),(20,'N-Zap \'89',5,17,1,12.5,1,170,50,'',NULL,'[{\"maxDamage\": 30.0, \"minDamage\": 15.0, \"hasOneshot\": false, \"windupFrames\": 0, \"inkEfficiency\": null, \"effectiveRange\": null, \"firingModeName\": null, \"actionIntervalFrames\": null}]',NULL,NULL,NULL,NULL),(21,'Splattershot Pro',14,13,1,17.0,2,190,70,'',NULL,'[{\"maxDamage\": 45.0, \"minDamage\": 23.0, \"hasOneshot\": false, \"windupFrames\": 0, \"inkEfficiency\": null, \"effectiveRange\": null, \"firingModeName\": null, \"actionIntervalFrames\": null}]',NULL,NULL,NULL,NULL),(22,'Forge Splattershot Pro',2,6,1,17.0,2,200,70,'',NULL,'[{\"maxDamage\": 45.0, \"minDamage\": 23.0, \"hasOneshot\": false, \"windupFrames\": 0, \"inkEfficiency\": null, \"effectiveRange\": null, \"firingModeName\": null, \"actionIntervalFrames\": null}]',NULL,NULL,NULL,NULL),(23,'Splattershot Pro FRZ-N',1,4,1,17.0,2,190,70,'',NULL,'[{\"maxDamage\": 45.0, \"minDamage\": 23.0, \"hasOneshot\": false, \"windupFrames\": 0, \"inkEfficiency\": null, \"effectiveRange\": null, \"firingModeName\": null, \"actionIntervalFrames\": null}]',NULL,NULL,NULL,NULL),(24,'.96 Gal',10,9,1,18.0,2,190,74,'',NULL,'[{\"maxDamage\": 62.0, \"minDamage\": 35.0, \"hasOneshot\": false, \"windupFrames\": 0, \"inkEfficiency\": null, \"effectiveRange\": null, \"firingModeName\": null, \"actionIntervalFrames\": null}]',NULL,NULL,NULL,NULL),(25,'.96 Gal Deco',9,7,1,18.0,2,210,74,'',NULL,'[{\"maxDamage\": 62.0, \"minDamage\": 35.0, \"hasOneshot\": false, \"windupFrames\": 0, \"inkEfficiency\": null, \"effectiveRange\": null, \"firingModeName\": null, \"actionIntervalFrames\": null}]',NULL,NULL,NULL,NULL),(26,'Clawz .96 Gal',14,16,1,18.0,2,190,74,'',NULL,'[{\"maxDamage\": 62.0, \"minDamage\": 35.0, \"hasOneshot\": false, \"windupFrames\": 0, \"inkEfficiency\": null, \"effectiveRange\": null, \"firingModeName\": null, \"actionIntervalFrames\": null}]',NULL,NULL,NULL,NULL),(27,'Jet Squelcher',14,9,1,22.5,2,180,82,'',NULL,'[{\"maxDamage\": 32.0, \"minDamage\": 16.0, \"hasOneshot\": false, \"windupFrames\": 0, \"inkEfficiency\": null, \"effectiveRange\": null, \"firingModeName\": null, \"actionIntervalFrames\": null}]',NULL,NULL,NULL,NULL),(28,'Custom Jet Squelcher',7,5,1,22.5,2,180,82,'',NULL,'[{\"maxDamage\": 32.0, \"minDamage\": 16.0, \"hasOneshot\": false, \"windupFrames\": 0, \"inkEfficiency\": null, \"effectiveRange\": null, \"firingModeName\": null, \"actionIntervalFrames\": null}]',NULL,NULL,NULL,NULL),(29,'Jet Squelcher COB-R',3,19,1,22.5,2,190,82,'',NULL,'[{\"maxDamage\": 32.0, \"minDamage\": 16.0, \"hasOneshot\": false, \"windupFrames\": 0, \"inkEfficiency\": null, \"effectiveRange\": null, \"firingModeName\": null, \"actionIntervalFrames\": null}]',NULL,NULL,NULL,NULL),(30,'Splattershot Nova',8,10,1,16.0,2,190,68,'',NULL,'[{\"maxDamage\": 24.0, \"minDamage\": 12.0, \"hasOneshot\": false, \"windupFrames\": 0, \"inkEfficiency\": null, \"effectiveRange\": null, \"firingModeName\": null, \"actionIntervalFrames\": null}]',NULL,NULL,NULL,NULL),(31,'Annaki Splattershot Nova',6,11,1,16.0,2,210,68,'',NULL,'[{\"maxDamage\": 24.0, \"minDamage\": 12.0, \"hasOneshot\": false, \"windupFrames\": 0, \"inkEfficiency\": null, \"effectiveRange\": null, \"firingModeName\": null, \"actionIntervalFrames\": null}]',NULL,NULL,NULL,NULL),(32,'Luna Blaster',1,3,8,11.2,1,170,18,'',NULL,'[{\"maxDamage\": 125.0, \"minDamage\": 50.0, \"hasOneshot\": true, \"windupFrames\": 0, \"inkEfficiency\": null, \"effectiveRange\": null, \"firingModeName\": null, \"actionIntervalFrames\": null}]',NULL,NULL,NULL,NULL),(33,'Luna Blaster Neo',12,12,8,11.2,1,190,18,'',NULL,'[{\"maxDamage\": 125.0, \"minDamage\": 50.0, \"hasOneshot\": true, \"windupFrames\": 0, \"inkEfficiency\": null, \"effectiveRange\": null, \"firingModeName\": null, \"actionIntervalFrames\": null}]',NULL,NULL,NULL,NULL),(34,'Order Blaster Replica',1,3,8,11.2,1,170,18,'',NULL,'[{\"maxDamage\": 125.0, \"minDamage\": 50.0, \"hasOneshot\": true, \"windupFrames\": 0, \"inkEfficiency\": null, \"effectiveRange\": null, \"firingModeName\": null, \"actionIntervalFrames\": null}]',NULL,NULL,NULL,NULL),(35,'Blaster',5,2,8,13.3,2,190,27,'',NULL,'[{\"maxDamage\": 125.0, \"minDamage\": 50.0, \"hasOneshot\": true, \"windupFrames\": 0, \"inkEfficiency\": null, \"effectiveRange\": null, \"firingModeName\": null, \"actionIntervalFrames\": null}]',NULL,NULL,NULL,NULL),(36,'Custom Blaster',8,19,8,13.3,2,190,27,'',NULL,'[{\"maxDamage\": 125.0, \"minDamage\": 50.0, \"hasOneshot\": true, \"windupFrames\": 0, \"inkEfficiency\": null, \"effectiveRange\": null, \"firingModeName\": null, \"actionIntervalFrames\": null}]',NULL,NULL,NULL,NULL),(37,'Gleamz Blaster',11,13,8,13.3,2,180,27,'',NULL,'[{\"maxDamage\": 125.0, \"minDamage\": 50.0, \"hasOneshot\": true, \"windupFrames\": 0, \"inkEfficiency\": null, \"effectiveRange\": null, \"firingModeName\": null, \"actionIntervalFrames\": null}]',NULL,NULL,NULL,NULL),(38,'Range Blaster',2,8,8,17.0,2,210,56,'',NULL,'[{\"maxDamage\": 125.0, \"minDamage\": 50.0, \"hasOneshot\": true, \"windupFrames\": 0, \"inkEfficiency\": null, \"effectiveRange\": null, \"firingModeName\": null, \"actionIntervalFrames\": null}]',NULL,NULL,NULL,NULL),(39,'Custom Range Blaster',1,7,8,17.0,2,210,56,'',NULL,'[{\"maxDamage\": 125.0, \"minDamage\": 50.0, \"hasOneshot\": true, \"windupFrames\": 0, \"inkEfficiency\": null, \"effectiveRange\": null, \"firingModeName\": null, \"actionIntervalFrames\": null}]',NULL,NULL,NULL,NULL),(40,'Clash Blaster',1,1,8,11.0,1,180,21,'',NULL,'[{\"maxDamage\": 60.0, \"minDamage\": 30.0, \"hasOneshot\": false, \"windupFrames\": 0, \"inkEfficiency\": null, \"effectiveRange\": null, \"firingModeName\": null, \"actionIntervalFrames\": null}]',NULL,NULL,NULL,NULL),(41,'Clash Blaster Neo',4,17,8,11.0,1,170,21,'',NULL,'[{\"maxDamage\": 60.0, \"minDamage\": 30.0, \"hasOneshot\": false, \"windupFrames\": 0, \"inkEfficiency\": null, \"effectiveRange\": null, \"firingModeName\": null, \"actionIntervalFrames\": null}]',NULL,NULL,NULL,NULL),(42,'Rapid Blaster',6,15,8,16.7,2,190,62,'',NULL,'[{\"maxDamage\": 85.0, \"minDamage\": 35.0, \"hasOneshot\": false, \"windupFrames\": 0, \"inkEfficiency\": null, \"effectiveRange\": null, \"firingModeName\": null, \"actionIntervalFrames\": null}]',NULL,NULL,NULL,NULL),(43,'Rapid Blaster Deco',13,11,8,16.7,2,210,62,'',NULL,'[{\"maxDamage\": 85.0, \"minDamage\": 35.0, \"hasOneshot\": false, \"windupFrames\": 0, \"inkEfficiency\": null, \"effectiveRange\": null, \"firingModeName\": null, \"actionIntervalFrames\": null}]',NULL,NULL,NULL,NULL),(44,'Rapid Blaster Pro',7,9,8,19.2,2,180,72,'',NULL,'[{\"maxDamage\": 85.0, \"minDamage\": 35.0, \"hasOneshot\": false, \"windupFrames\": 0, \"inkEfficiency\": null, \"effectiveRange\": null, \"firingModeName\": null, \"actionIntervalFrames\": null}]',NULL,NULL,NULL,NULL),(45,'Rapid Blaster Pro Deco',14,10,8,19.2,2,200,72,'',NULL,'[{\"maxDamage\": 85.0, \"minDamage\": 35.0, \"hasOneshot\": false, \"windupFrames\": 0, \"inkEfficiency\": null, \"effectiveRange\": null, \"firingModeName\": null, \"actionIntervalFrames\": null}]',NULL,NULL,NULL,NULL),(46,'Rapid Blaster Pro WNT-R',2,16,8,19.2,2,200,72,'',NULL,'[{\"maxDamage\": 85.0, \"minDamage\": 35.0, \"hasOneshot\": false, \"windupFrames\": 0, \"inkEfficiency\": null, \"effectiveRange\": null, \"firingModeName\": null, \"actionIntervalFrames\": null}]',NULL,NULL,NULL,NULL),(47,'S-BLAST \'92',10,14,8,16.5,2,180,45,'',NULL,'[{\"maxDamage\": 125.0, \"minDamage\": 50.0, \"hasOneshot\": true, \"windupFrames\": 0, \"inkEfficiency\": null, \"effectiveRange\": null, \"firingModeName\": null, \"actionIntervalFrames\": null}]',NULL,NULL,NULL,NULL),(48,'S-BLAST \'91',3,6,8,16.5,2,210,45,'',NULL,'[{\"maxDamage\": 125.0, \"minDamage\": 50.0, \"hasOneshot\": true, \"windupFrames\": 0, \"inkEfficiency\": null, \"effectiveRange\": null, \"firingModeName\": null, \"actionIntervalFrames\": null}]',NULL,NULL,NULL,NULL),(49,'L-3 Nozzlenose',4,13,1,13.5,2,190,62,'',NULL,'[{\"maxDamage\": 93.0, \"minDamage\": 16.0, \"hasOneshot\": false, \"windupFrames\": 0, \"inkEfficiency\": null, \"effectiveRange\": null, \"firingModeName\": null, \"actionIntervalFrames\": null}]',NULL,NULL,NULL,NULL),(50,'L-3 Nozzlenose D',3,12,1,13.5,2,200,62,'',NULL,'[{\"maxDamage\": 93.0, \"minDamage\": 16.0, \"hasOneshot\": false, \"windupFrames\": 0, \"inkEfficiency\": null, \"effectiveRange\": null, \"firingModeName\": null, \"actionIntervalFrames\": null}]',NULL,NULL,NULL,NULL),(51,'Glitterz L-3 Nozzlenose',1,11,1,13.5,2,200,62,'',NULL,'[{\"maxDamage\": 93.0, \"minDamage\": 16.0, \"hasOneshot\": false, \"windupFrames\": 0, \"inkEfficiency\": null, \"effectiveRange\": null, \"firingModeName\": null, \"actionIntervalFrames\": null}]',NULL,NULL,NULL,NULL),(52,'H-3 Nozzlenose',8,16,1,17.0,2,190,70,'',NULL,'[{\"maxDamage\": 135.0, \"minDamage\": 23.0, \"hasOneshot\": true, \"windupFrames\": 0, \"inkEfficiency\": null, \"effectiveRange\": null, \"firingModeName\": null, \"actionIntervalFrames\": null}]',NULL,NULL,NULL,NULL),(53,'H-3 Nozzlenose D',9,2,1,17.0,2,200,70,'',NULL,'[{\"maxDamage\": 135.0, \"minDamage\": 23.0, \"hasOneshot\": true, \"windupFrames\": 0, \"inkEfficiency\": null, \"effectiveRange\": null, \"firingModeName\": null, \"actionIntervalFrames\": null}]',NULL,NULL,NULL,NULL),(54,'H-3 Nozzlenose VIP-R',2,15,1,17.0,2,200,70,'',NULL,'[{\"maxDamage\": 135.0, \"minDamage\": 23.0, \"hasOneshot\": true, \"windupFrames\": 0, \"inkEfficiency\": null, \"effectiveRange\": null, \"firingModeName\": null, \"actionIntervalFrames\": null}]',NULL,NULL,NULL,NULL),(55,'Squeezer',9,1,1,20.0,2,220,77,'',NULL,'[{\"maxDamage\": 38.0, \"minDamage\": 15.0, \"hasOneshot\": false, \"windupFrames\": 0, \"inkEfficiency\": null, \"effectiveRange\": null, \"firingModeName\": null, \"actionIntervalFrames\": null}]',NULL,NULL,NULL,NULL),(56,'Foil Squeezer',5,18,1,20.0,2,190,77,'',NULL,'[{\"maxDamage\": 38.0, \"minDamage\": 15.0, \"hasOneshot\": false, \"windupFrames\": 0, \"inkEfficiency\": null, \"effectiveRange\": null, \"firingModeName\": null, \"actionIntervalFrames\": null}]',NULL,NULL,NULL,NULL),(57,'Carbon Roller',5,3,2,9.5,1,160,20,'',NULL,'[{\"maxDamage\": null, \"minDamage\": null, \"hasOneshot\": true, \"windupFrames\": 0, \"inkEfficiency\": null, \"effectiveRange\": null, \"firingModeName\": null, \"actionIntervalFrames\": null}]',NULL,NULL,NULL,NULL),(58,'Carbon Roller Deco',3,1,2,9.5,1,190,20,'',NULL,'[{\"maxDamage\": 100.0, \"minDamage\": 25.0, \"hasOneshot\": true, \"windupFrames\": 0, \"inkEfficiency\": null, \"effectiveRange\": null, \"firingModeName\": null, \"actionIntervalFrames\": null}]',NULL,NULL,NULL,NULL),(59,'Carbon Roller ANG-L',12,17,2,9.5,1,170,20,'',NULL,'[{\"maxDamage\": 100.0, \"minDamage\": 25.0, \"hasOneshot\": true, \"windupFrames\": 0, \"inkEfficiency\": null, \"effectiveRange\": null, \"firingModeName\": null, \"actionIntervalFrames\": null}]',NULL,NULL,NULL,NULL),(60,'Splat Roller',4,2,2,11.8,2,180,48,'',NULL,'[{\"maxDamage\": 150.0, \"minDamage\": 35.0, \"hasOneshot\": true, \"windupFrames\": 0, \"inkEfficiency\": null, \"effectiveRange\": null, \"firingModeName\": null, \"actionIntervalFrames\": null}]',NULL,NULL,NULL,NULL),(61,'Krak-On Splat Roller',11,7,2,11.8,2,170,48,'',NULL,'[{\"maxDamage\": 150.0, \"minDamage\": 35.0, \"hasOneshot\": true, \"windupFrames\": 0, \"inkEfficiency\": null, \"effectiveRange\": null, \"firingModeName\": null, \"actionIntervalFrames\": null}]',NULL,NULL,NULL,NULL),(62,'Order Roller Replica',4,2,2,11.8,2,180,48,'',NULL,'[{\"maxDamage\": 150.0, \"minDamage\": 35.0, \"hasOneshot\": true, \"windupFrames\": 0, \"inkEfficiency\": null, \"effectiveRange\": null, \"firingModeName\": null, \"actionIntervalFrames\": null}]',NULL,NULL,NULL,NULL),(63,'Dynamo Roller',10,16,2,18.5,3,200,76,'',NULL,'[{\"maxDamage\": 180.0, \"minDamage\": 40.0, \"hasOneshot\": true, \"windupFrames\": 0, \"inkEfficiency\": null, \"effectiveRange\": null, \"firingModeName\": null, \"actionIntervalFrames\": null}]',NULL,NULL,NULL,NULL),(64,'Gold Dynamo Roller',1,17,2,18.5,3,180,76,'',NULL,'[{\"maxDamage\": 180.0, \"minDamage\": 40.0, \"hasOneshot\": true, \"windupFrames\": 0, \"inkEfficiency\": null, \"effectiveRange\": null, \"firingModeName\": null, \"actionIntervalFrames\": null}]',NULL,NULL,NULL,NULL),(65,'Starz Dynamo Roller',8,10,2,18.5,3,180,76,'',NULL,'[{\"maxDamage\": 180.0, \"minDamage\": 40.0, \"hasOneshot\": true, \"windupFrames\": 0, \"inkEfficiency\": null, \"effectiveRange\": null, \"firingModeName\": null, \"actionIntervalFrames\": null}]',NULL,NULL,NULL,NULL),(66,'Flingza Roller',6,4,2,14.0,2,210,58,'',NULL,'[{\"maxDamage\": 150.0, \"minDamage\": 30.0, \"hasOneshot\": true, \"windupFrames\": 0, \"inkEfficiency\": null, \"effectiveRange\": null, \"firingModeName\": null, \"actionIntervalFrames\": null}]',NULL,NULL,NULL,NULL),(67,'Foil Flingza Roller',2,18,2,14.0,2,200,58,'',NULL,'[{\"maxDamage\": 150.0, \"minDamage\": 30.0, \"hasOneshot\": true, \"windupFrames\": 0, \"inkEfficiency\": null, \"effectiveRange\": null, \"firingModeName\": null, \"actionIntervalFrames\": null}]',NULL,NULL,NULL,NULL),(68,'Big Swig Roller',9,9,2,12.5,2,180,56,'',NULL,'[{\"maxDamage\": 120.0, \"minDamage\": 40.0, \"hasOneshot\": true, \"windupFrames\": 0, \"inkEfficiency\": null, \"effectiveRange\": null, \"firingModeName\": null, \"actionIntervalFrames\": null}]',NULL,NULL,NULL,NULL),(69,'Big Swig Roller Express',14,5,2,12.5,2,180,56,'',NULL,'[{\"maxDamage\": 120.0, \"minDamage\": 40.0, \"hasOneshot\": true, \"windupFrames\": 0, \"inkEfficiency\": null, \"effectiveRange\": null, \"firingModeName\": null, \"actionIntervalFrames\": null}]',NULL,NULL,NULL,NULL),(70,'Planetz Big Swig Roller',13,19,2,12.5,2,180,56,'',NULL,'[{\"maxDamage\": 120.0, \"minDamage\": 40.0, \"hasOneshot\": true, \"windupFrames\": 0, \"inkEfficiency\": null, \"effectiveRange\": null, \"firingModeName\": null, \"actionIntervalFrames\": null}]',NULL,NULL,NULL,NULL),(71,'Inkbrush',1,10,9,7.0,1,180,5,'',NULL,'[{\"maxDamage\": 30.0, \"minDamage\": 15.0, \"hasOneshot\": false, \"windupFrames\": 0, \"inkEfficiency\": null, \"effectiveRange\": null, \"firingModeName\": null, \"actionIntervalFrames\": null}]',NULL,NULL,NULL,NULL),(72,'Inkbrush Nouveau',6,12,9,7.0,1,190,5,'',NULL,'[{\"maxDamage\": 30.0, \"minDamage\": 15.0, \"hasOneshot\": false, \"windupFrames\": 0, \"inkEfficiency\": null, \"effectiveRange\": null, \"firingModeName\": null, \"actionIntervalFrames\": null}]',NULL,NULL,NULL,NULL),(73,'Octobrush',2,3,9,10.5,2,190,23,'',NULL,'[{\"maxDamage\": 40.0, \"minDamage\": 20.0, \"hasOneshot\": false, \"windupFrames\": 0, \"inkEfficiency\": null, \"effectiveRange\": null, \"firingModeName\": null, \"actionIntervalFrames\": null}]',NULL,NULL,NULL,NULL),(74,'Octobrush Nouveau',11,5,9,10.5,2,180,23,'',NULL,'[{\"maxDamage\": 40.0, \"minDamage\": 20.0, \"hasOneshot\": false, \"windupFrames\": 0, \"inkEfficiency\": null, \"effectiveRange\": null, \"firingModeName\": null, \"actionIntervalFrames\": null}]',NULL,NULL,NULL,NULL),(75,'Cometz Octobrush',5,7,9,10.5,2,190,23,'',NULL,'[{\"maxDamage\": 40.0, \"minDamage\": 20.0, \"hasOneshot\": false, \"windupFrames\": 0, \"inkEfficiency\": null, \"effectiveRange\": null, \"firingModeName\": null, \"actionIntervalFrames\": null}]',NULL,NULL,NULL,NULL),(76,'Orderbrush Replica',2,3,9,10.5,2,190,23,'',NULL,'[{\"maxDamage\": 40.0, \"minDamage\": 20.0, \"hasOneshot\": false, \"windupFrames\": 0, \"inkEfficiency\": null, \"effectiveRange\": null, \"firingModeName\": null, \"actionIntervalFrames\": null}]',NULL,NULL,NULL,NULL),(77,'Painbrush',4,8,9,13.1,2,190,33,'',NULL,'[{\"maxDamage\": 60.0, \"minDamage\": 30.0, \"hasOneshot\": false, \"windupFrames\": 0, \"inkEfficiency\": null, \"effectiveRange\": null, \"firingModeName\": null, \"actionIntervalFrames\": null}]',NULL,NULL,NULL,NULL),(78,'Painbrush Nouveau',8,4,9,13.1,2,190,33,'',NULL,'[{\"maxDamage\": 60.0, \"minDamage\": 30.0, \"hasOneshot\": false, \"windupFrames\": 0, \"inkEfficiency\": null, \"effectiveRange\": null, \"firingModeName\": null, \"actionIntervalFrames\": null}]',NULL,NULL,NULL,NULL),(79,'Painbrush BRN-Z',9,1,9,13.1,2,190,33,'',NULL,'[{\"maxDamage\": 60.0, \"minDamage\": 30.0, \"hasOneshot\": false, \"windupFrames\": 0, \"inkEfficiency\": null, \"effectiveRange\": null, \"firingModeName\": null, \"actionIntervalFrames\": null}]',NULL,NULL,NULL,NULL),(80,'Classic Squiffer',8,2,3,18.5,2,190,75,'',NULL,'[{\"maxDamage\": 140.0, \"minDamage\": 40.0, \"hasOneshot\": false, \"windupFrames\": 0, \"inkEfficiency\": null, \"effectiveRange\": null, \"firingModeName\": null, \"actionIntervalFrames\": null}]',NULL,NULL,NULL,NULL),(81,'New Squiffer',5,3,3,18.5,2,190,75,'',NULL,'[{\"maxDamage\": 140.0, \"minDamage\": 40.0, \"hasOneshot\": true, \"windupFrames\": 0, \"inkEfficiency\": null, \"effectiveRange\": null, \"firingModeName\": null, \"actionIntervalFrames\": null}]',NULL,NULL,NULL,NULL),(82,'Splat Charger',1,9,3,26.0,2,190,88,'',NULL,'[{\"maxDamage\": 160.0, \"minDamage\": 40.0, \"hasOneshot\": true, \"windupFrames\": 0, \"inkEfficiency\": null, \"effectiveRange\": null, \"firingModeName\": null, \"actionIntervalFrames\": null}]',NULL,NULL,NULL,NULL),(83,'Z+F Splat Charger',9,15,3,26.0,2,200,88,'',NULL,'[{\"maxDamage\": 160.0, \"minDamage\": 40.0, \"hasOneshot\": true, \"windupFrames\": 0, \"inkEfficiency\": null, \"effectiveRange\": null, \"firingModeName\": null, \"actionIntervalFrames\": null}]',NULL,NULL,NULL,NULL),(84,'Splat Charger CAM-O',10,13,3,26.0,2,200,88,'',NULL,'[{\"maxDamage\": 160.0, \"minDamage\": 40.0, \"hasOneshot\": true, \"windupFrames\": 0, \"inkEfficiency\": null, \"effectiveRange\": null, \"firingModeName\": null, \"actionIntervalFrames\": null}]',NULL,NULL,NULL,NULL),(85,'Order Charger Replica',1,9,3,26.0,2,190,88,'',NULL,'[{\"maxDamage\": 160.0, \"minDamage\": 40.0, \"hasOneshot\": true, \"windupFrames\": 0, \"inkEfficiency\": null, \"effectiveRange\": null, \"firingModeName\": null, \"actionIntervalFrames\": null}]',NULL,NULL,NULL,NULL),(86,'Splatterscope',1,9,3,26.5,2,190,91,'',NULL,'[{\"maxDamage\": 160.0, \"minDamage\": 40.0, \"hasOneshot\": true, \"windupFrames\": 0, \"inkEfficiency\": null, \"effectiveRange\": null, \"firingModeName\": null, \"actionIntervalFrames\": null}]',NULL,NULL,NULL,NULL),(87,'Z+F Splatterscope',9,15,3,26.5,2,200,91,'',NULL,'[{\"maxDamage\": 160.0, \"minDamage\": 40.0, \"hasOneshot\": true, \"windupFrames\": 0, \"inkEfficiency\": null, \"effectiveRange\": null, \"firingModeName\": null, \"actionIntervalFrames\": null}]',NULL,NULL,NULL,NULL),(88,'Splatterscope CAM-O',10,13,3,26.5,2,200,91,'',NULL,'[{\"maxDamage\": 160.0, \"minDamage\": 40.0, \"hasOneshot\": true, \"windupFrames\": 0, \"inkEfficiency\": null, \"effectiveRange\": null, \"firingModeName\": null, \"actionIntervalFrames\": null}]',NULL,NULL,NULL,NULL),(89,'E-liter 4K',6,8,3,31.0,3,210,96,'',NULL,'[{\"maxDamage\": 180.0, \"minDamage\": 40.0, \"hasOneshot\": true, \"windupFrames\": 0, \"inkEfficiency\": null, \"effectiveRange\": null, \"firingModeName\": null, \"actionIntervalFrames\": null}]',NULL,NULL,NULL,NULL),(90,'Custom E-liter 4K',11,7,3,31.0,3,210,96,'',NULL,'[{\"maxDamage\": 180.0, \"minDamage\": 40.0, \"hasOneshot\": true, \"windupFrames\": 0, \"inkEfficiency\": null, \"effectiveRange\": null, \"firingModeName\": null, \"actionIntervalFrames\": null}]',NULL,NULL,NULL,NULL),(91,'E-liter 4K Scope',6,8,3,33.0,3,210,100,'',NULL,'[{\"maxDamage\": 180.0, \"minDamage\": 40.0, \"hasOneshot\": true, \"windupFrames\": 0, \"inkEfficiency\": null, \"effectiveRange\": null, \"firingModeName\": null, \"actionIntervalFrames\": null}]',NULL,NULL,NULL,NULL),(92,'Custom E-liter 4K Scope',11,7,3,33.0,3,210,100,'',NULL,'[{\"maxDamage\": 180.0, \"minDamage\": 40.0, \"hasOneshot\": true, \"windupFrames\": 0, \"inkEfficiency\": null, \"effectiveRange\": null, \"firingModeName\": null, \"actionIntervalFrames\": null}]',NULL,NULL,NULL,NULL),(93,'Bamboozler 14 Mk I',5,10,3,21.0,1,190,78,'',NULL,'[{\"maxDamage\": 85.0, \"minDamage\": 30.0, \"hasOneshot\": false, \"windupFrames\": 0, \"inkEfficiency\": null, \"effectiveRange\": null, \"firingModeName\": null, \"actionIntervalFrames\": null}]',NULL,NULL,NULL,NULL),(94,'Bamboozler 14 Mk II',12,17,3,21.0,1,190,78,'',NULL,'[{\"maxDamage\": 85.0, \"minDamage\": 30.0, \"hasOneshot\": false, \"windupFrames\": 0, \"inkEfficiency\": null, \"effectiveRange\": null, \"firingModeName\": null, \"actionIntervalFrames\": null}]',NULL,NULL,NULL,NULL),(95,'Goo Tuber',13,4,3,21.0,2,200,78,'',NULL,'[{\"maxDamage\": 130.0, \"minDamage\": 40.0, \"hasOneshot\": true, \"windupFrames\": 0, \"inkEfficiency\": null, \"effectiveRange\": null, \"firingModeName\": null, \"actionIntervalFrames\": null}]',NULL,NULL,NULL,NULL),(96,'Custom Goo Tuber',12,12,3,21.0,2,200,78,'',NULL,'[{\"maxDamage\": 130.0, \"minDamage\": 40.0, \"hasOneshot\": true, \"windupFrames\": 0, \"inkEfficiency\": null, \"effectiveRange\": null, \"firingModeName\": null, \"actionIntervalFrames\": null}]',NULL,NULL,NULL,NULL),(97,'Snipewriter 5H',10,16,3,26.0,2,220,91,'',NULL,'[{\"maxDamage\": 68.0, \"minDamage\": 40.0, \"hasOneshot\": false, \"windupFrames\": 0, \"inkEfficiency\": null, \"effectiveRange\": null, \"firingModeName\": null, \"actionIntervalFrames\": null}]',NULL,NULL,NULL,NULL),(98,'Snipewriter 5B',9,5,3,26.0,2,210,91,'',NULL,'[{\"maxDamage\": 68.0, \"minDamage\": 40.0, \"hasOneshot\": false, \"windupFrames\": 0, \"inkEfficiency\": null, \"effectiveRange\": null, \"firingModeName\": null, \"actionIntervalFrames\": null}]',NULL,NULL,NULL,NULL),(99,'Slosher',1,15,4,14.5,2,210,58,'',NULL,'[{\"maxDamage\": 70.0, \"minDamage\": 50.0, \"hasOneshot\": false, \"windupFrames\": 0, \"inkEfficiency\": null, \"effectiveRange\": null, \"firingModeName\": null, \"actionIntervalFrames\": null}]',NULL,NULL,NULL,NULL),(100,'Slosher Deco',14,3,4,14.5,2,180,58,'',NULL,'[{\"maxDamage\": 70.0, \"minDamage\": 50.0, \"hasOneshot\": false, \"windupFrames\": 0, \"inkEfficiency\": null, \"effectiveRange\": null, \"firingModeName\": null, \"actionIntervalFrames\": null}]',NULL,NULL,NULL,NULL),(101,'Order Slosher Replica',1,15,4,14.5,2,210,58,'',NULL,'[{\"maxDamage\": 70.0, \"minDamage\": 50.0, \"hasOneshot\": false, \"windupFrames\": 0, \"inkEfficiency\": null, \"effectiveRange\": null, \"firingModeName\": null, \"actionIntervalFrames\": null}]',NULL,NULL,NULL,NULL),(102,'Tri-Slosher',7,11,4,11.0,1,180,31,'',NULL,'[{\"maxDamage\": 62.0, \"minDamage\": 35.0, \"hasOneshot\": false, \"windupFrames\": 0, \"inkEfficiency\": null, \"effectiveRange\": null, \"firingModeName\": null, \"actionIntervalFrames\": null}]',NULL,NULL,NULL,NULL),(103,'Tri-Slosher Nouveau',12,16,4,11.0,1,200,31,'',NULL,'[{\"maxDamage\": 62.0, \"minDamage\": 35.0, \"hasOneshot\": false, \"windupFrames\": 0, \"inkEfficiency\": null, \"effectiveRange\": null, \"firingModeName\": null, \"actionIntervalFrames\": null}]',NULL,NULL,NULL,NULL),(104,'Tri-Slosher ASH-N',1,18,4,11.0,1,180,31,'',NULL,'[{\"maxDamage\": 62.0, \"minDamage\": 35.0, \"hasOneshot\": false, \"windupFrames\": 0, \"inkEfficiency\": null, \"effectiveRange\": null, \"firingModeName\": null, \"actionIntervalFrames\": null}]',NULL,NULL,NULL,NULL),(105,'Sloshing Machine',12,6,4,14.7,2,210,60,'',NULL,'[{\"maxDamage\": 76.0, \"minDamage\": 38.0, \"hasOneshot\": false, \"windupFrames\": 0, \"inkEfficiency\": null, \"effectiveRange\": null, \"firingModeName\": null, \"actionIntervalFrames\": null}]',NULL,NULL,NULL,NULL),(106,'Sloshing Machine Neo',8,1,4,14.7,2,190,60,'',NULL,'[{\"maxDamage\": 38.0, \"minDamage\": 38.0, \"hasOneshot\": false, \"windupFrames\": 0, \"inkEfficiency\": null, \"effectiveRange\": null, \"firingModeName\": null, \"actionIntervalFrames\": null}]',NULL,NULL,NULL,NULL),(107,'Bloblobber',10,5,4,15.0,2,190,85,'',NULL,'[{\"maxDamage\": 128.0, \"minDamage\": 32.0, \"hasOneshot\": true, \"windupFrames\": 0, \"inkEfficiency\": null, \"effectiveRange\": null, \"firingModeName\": null, \"actionIntervalFrames\": null}]',NULL,NULL,NULL,NULL),(108,'Bloblobber Deco',14,7,4,15.0,2,190,85,'',NULL,'[{\"maxDamage\": 128.0, \"minDamage\": 32.0, \"hasOneshot\": true, \"windupFrames\": 0, \"inkEfficiency\": null, \"effectiveRange\": null, \"firingModeName\": null, \"actionIntervalFrames\": null}]',NULL,NULL,NULL,NULL),(109,'Explosher',8,5,4,20.7,3,200,77,'',NULL,'[{\"maxDamage\": 90.0, \"minDamage\": 35.0, \"hasOneshot\": false, \"windupFrames\": 0, \"inkEfficiency\": null, \"effectiveRange\": null, \"firingModeName\": null, \"actionIntervalFrames\": null}]',NULL,NULL,NULL,NULL),(110,'Custom Explosher',9,19,4,20.7,3,190,77,'',NULL,'[{\"maxDamage\": 90.0, \"minDamage\": 35.0, \"hasOneshot\": false, \"windupFrames\": 0, \"inkEfficiency\": null, \"effectiveRange\": null, \"firingModeName\": null, \"actionIntervalFrames\": null}]',NULL,NULL,NULL,NULL),(111,'Dread Wringer',2,14,4,15.5,2,190,60,'',NULL,'[{\"maxDamage\": 90.0, \"minDamage\": 35.0, \"hasOneshot\": false, \"windupFrames\": 0, \"inkEfficiency\": null, \"effectiveRange\": null, \"firingModeName\": null, \"actionIntervalFrames\": null}]',NULL,NULL,NULL,NULL),(112,'Dread Wringer D',11,8,4,15.5,2,190,60,'',NULL,'[{\"maxDamage\": 90.0, \"minDamage\": 35.0, \"hasOneshot\": false, \"windupFrames\": 0, \"inkEfficiency\": null, \"effectiveRange\": null, \"firingModeName\": null, \"actionIntervalFrames\": null}]',NULL,NULL,NULL,NULL),(113,'Hornz Dread Wringer',4,13,4,15.5,2,200,60,'',NULL,'[{\"maxDamage\": 90.0, \"minDamage\": 35.0, \"hasOneshot\": false, \"windupFrames\": 0, \"inkEfficiency\": null, \"effectiveRange\": null, \"firingModeName\": null, \"actionIntervalFrames\": null}]',NULL,NULL,NULL,NULL),(114,'Mini Splatling',3,12,5,15.0,2,200,62,'',NULL,'[{\"maxDamage\": 32.0, \"minDamage\": 16.0, \"hasOneshot\": null, \"windupFrames\": 18, \"inkEfficiency\": 7.5, \"effectiveRange\": 10.0, \"firingModeName\": \"Partial Charge\", \"actionIntervalFrames\": 4}, {\"maxDamage\": 32.0, \"minDamage\": 16.0, \"hasOneshot\": null, \"windupFrames\": 27, \"inkEfficiency\": 15.0, \"effectiveRange\": 13.7, \"firingModeName\": \"Full Charge\", \"actionIntervalFrames\": 4}]',NULL,_binary '\0',NULL,NULL),(115,'Zink Mini Splatling',7,2,5,15.0,2,200,62,'',NULL,'[{\"maxDamage\": 32.0, \"minDamage\": 16.0, \"hasOneshot\": null, \"windupFrames\": 18, \"inkEfficiency\": 7.5, \"effectiveRange\": 10.0, \"firingModeName\": \"Partial Charge\", \"actionIntervalFrames\": 4}, {\"maxDamage\": 32.0, \"minDamage\": 16.0, \"hasOneshot\": null, \"windupFrames\": 27, \"inkEfficiency\": 15.0, \"effectiveRange\": 13.7, \"firingModeName\": \"Full Charge\", \"actionIntervalFrames\": 4}]',NULL,NULL,NULL,NULL),(116,'Mini Splatling RTL-R',11,1,5,15.0,2,200,62,'',NULL,'[{\"maxDamage\": 32.0, \"minDamage\": 16.0, \"hasOneshot\": null, \"windupFrames\": 18, \"inkEfficiency\": 7.5, \"effectiveRange\": 10.0, \"firingModeName\": \"Partial Charge\", \"actionIntervalFrames\": 4}, {\"maxDamage\": 32.0, \"minDamage\": 16.0, \"hasOneshot\": null, \"windupFrames\": 27, \"inkEfficiency\": 15.0, \"effectiveRange\": 13.7, \"firingModeName\": \"Full Charge\", \"actionIntervalFrames\": 4}]',NULL,_binary '\0',NULL,NULL),(117,'Heavy Splatling',10,8,5,21.0,2,210,78,'',NULL,'[{\"maxDamage\": 30.0, \"minDamage\": 15.0, \"hasOneshot\": null, \"windupFrames\": 48, \"inkEfficiency\": 12.0, \"effectiveRange\": 10.0, \"firingModeName\": \"Partial Charge\", \"actionIntervalFrames\": 4}, {\"maxDamage\": 30.0, \"minDamage\": 15.0, \"hasOneshot\": null, \"windupFrames\": 72, \"inkEfficiency\": 22.5, \"effectiveRange\": 19.0, \"firingModeName\": \"Full Charge\", \"actionIntervalFrames\": 4}]',NULL,NULL,NULL,NULL),(118,'Heavy Deco',8,7,5,21.0,2,200,78,'',NULL,'[{\"maxDamage\": 30.0, \"minDamage\": 15.0, \"hasOneshot\": null, \"windupFrames\": 48, \"inkEfficiency\": 12.0, \"effectiveRange\": 10.0, \"firingModeName\": \"Partial Charge\", \"actionIntervalFrames\": 4}, {\"maxDamage\": 30.0, \"minDamage\": 15.0, \"hasOneshot\": null, \"windupFrames\": 72, \"inkEfficiency\": 22.5, \"effectiveRange\": 19.0, \"firingModeName\": \"Full Charge\", \"actionIntervalFrames\": 4}]',NULL,NULL,NULL,NULL),(119,'Order Splatling Replica',10,8,5,21.0,2,210,78,'',NULL,'[{\"maxDamage\": 30.0, \"minDamage\": 15.0, \"hasOneshot\": null, \"windupFrames\": 48, \"inkEfficiency\": 12.0, \"effectiveRange\": 10.0, \"firingModeName\": \"Partial Charge\", \"actionIntervalFrames\": 4}, {\"maxDamage\": 30.0, \"minDamage\": 15.0, \"hasOneshot\": null, \"windupFrames\": 72, \"inkEfficiency\": 22.5, \"effectiveRange\": 19.0, \"firingModeName\": \"Full Charge\", \"actionIntervalFrames\": 4}]',NULL,NULL,NULL,NULL),(120,'Hydra Splatling',5,6,5,24.5,3,190,85,'',NULL,'[{\"maxDamage\": 32.0, \"minDamage\": 16.0, \"hasOneshot\": null, \"windupFrames\": 120, \"inkEfficiency\": 18.0, \"effectiveRange\": 10.0, \"firingModeName\": \"Partial Charge\", \"actionIntervalFrames\": 4}, {\"maxDamage\": 40.0, \"minDamage\": 16.0, \"hasOneshot\": null, \"windupFrames\": 150, \"inkEfficiency\": 35.0, \"effectiveRange\": 22.0, \"firingModeName\": \"Full Charge\", \"actionIntervalFrames\": 4}]',NULL,NULL,NULL,NULL),(121,'Custom Hydra Splatling',6,18,5,24.5,3,200,85,'',NULL,'[{\"maxDamage\": 32.0, \"minDamage\": 16.0, \"hasOneshot\": null, \"windupFrames\": 120, \"inkEfficiency\": 18.0, \"effectiveRange\": 10.0, \"firingModeName\": \"Partial Charge\", \"actionIntervalFrames\": 4}, {\"maxDamage\": 40.0, \"minDamage\": 16.0, \"hasOneshot\": null, \"windupFrames\": 150, \"inkEfficiency\": 35.0, \"effectiveRange\": 22.0, \"firingModeName\": \"Full Charge\", \"actionIntervalFrames\": 4}]',NULL,NULL,NULL,NULL),(122,'Torrentz Hydra Splatling',10,2,5,24.5,3,200,85,'',NULL,'[{\"maxDamage\": 32.0, \"minDamage\": 16.0, \"hasOneshot\": null, \"windupFrames\": 120, \"inkEfficiency\": 18.0, \"effectiveRange\": 10.0, \"firingModeName\": \"Partial Charge\", \"actionIntervalFrames\": 4}, {\"maxDamage\": 40.0, \"minDamage\": 16.0, \"hasOneshot\": null, \"windupFrames\": 150, \"inkEfficiency\": 35.0, \"effectiveRange\": 22.0, \"firingModeName\": \"Full Charge\", \"actionIntervalFrames\": 4}]',NULL,NULL,NULL,NULL),(123,'Ballpoint Splatling',12,11,5,24.5,2,210,84,'',NULL,'[{\"maxDamage\": 28.0, \"minDamage\": 14.0, \"hasOneshot\": null, \"windupFrames\": 15, \"inkEfficiency\": 5.0, \"effectiveRange\": 10.3, \"firingModeName\": \"Partial Charge\", \"actionIntervalFrames\": 3}, {\"maxDamage\": 28.0, \"minDamage\": 14.0, \"hasOneshot\": null, \"windupFrames\": 100, \"inkEfficiency\": 25.0, \"effectiveRange\": 20.8, \"firingModeName\": \"Full Charge\", \"actionIntervalFrames\": 5}]',NULL,NULL,NULL,NULL),(124,'Ballpoint Splatling Nouveau',6,9,5,24.5,2,200,84,'',NULL,'[{\"maxDamage\": 28.0, \"minDamage\": 14.0, \"hasOneshot\": null, \"windupFrames\": 15, \"inkEfficiency\": 5.0, \"effectiveRange\": 10.3, \"firingModeName\": \"Partial Charge\", \"actionIntervalFrames\": 3}, {\"maxDamage\": 28.0, \"minDamage\": 14.0, \"hasOneshot\": null, \"windupFrames\": 100, \"inkEfficiency\": 25.0, \"effectiveRange\": 20.8, \"firingModeName\": \"Full Charge\", \"actionIntervalFrames\": 5}]',NULL,NULL,NULL,NULL),(125,'Nautilus 47',8,5,5,18.0,2,190,74,'',NULL,'[{\"maxDamage\": 32.0, \"minDamage\": 16.0, \"hasOneshot\": null, \"windupFrames\": 38, \"inkEfficiency\": 7.5, \"effectiveRange\": 16.2, \"firingModeName\": \"Partial Charge\", \"actionIntervalFrames\": 4}, {\"maxDamage\": 32.0, \"minDamage\": 16.0, \"hasOneshot\": null, \"windupFrames\": 76, \"inkEfficiency\": 15.0, \"effectiveRange\": 16.2, \"firingModeName\": \"Full Charge\", \"actionIntervalFrames\": 4}]',NULL,NULL,NULL,NULL),(126,'Nautilus 79',2,19,5,18.0,2,200,74,'',NULL,'[{\"maxDamage\": 32.0, \"minDamage\": 16.0, \"hasOneshot\": null, \"windupFrames\": 38, \"inkEfficiency\": 7.5, \"effectiveRange\": 16.2, \"firingModeName\": \"Partial Charge\", \"actionIntervalFrames\": 4}, {\"maxDamage\": 32.0, \"minDamage\": 16.0, \"hasOneshot\": null, \"windupFrames\": 76, \"inkEfficiency\": 15.0, \"effectiveRange\": 16.2, \"firingModeName\": \"Full Charge\", \"actionIntervalFrames\": 4}]',NULL,NULL,NULL,NULL),(127,'Heavy Edit Splatling',4,16,5,17.0,2,200,70,'',NULL,'[{\"maxDamage\": 26.0, \"minDamage\": 13.0, \"hasOneshot\": null, \"windupFrames\": 60, \"inkEfficiency\": 10.0, \"effectiveRange\": 10.0, \"firingModeName\": \"Partial Charge\", \"actionIntervalFrames\": 4}, {\"maxDamage\": 26.0, \"minDamage\": 13.0, \"hasOneshot\": null, \"windupFrames\": 120, \"inkEfficiency\": 20.0, \"effectiveRange\": 16.0, \"firingModeName\": \"Full Charge\", \"actionIntervalFrames\": 3}]',NULL,NULL,NULL,NULL),(128,'Heavy Edit Splatling Nouveau',1,13,5,17.0,2,210,70,'',NULL,'[{\"maxDamage\": 26.0, \"minDamage\": 13.0, \"hasOneshot\": null, \"windupFrames\": 60, \"inkEfficiency\": 10.0, \"effectiveRange\": 10.0, \"firingModeName\": \"Partial Charge\", \"actionIntervalFrames\": 4}, {\"maxDamage\": 26.0, \"minDamage\": 13.0, \"hasOneshot\": null, \"windupFrames\": 120, \"inkEfficiency\": 20.0, \"effectiveRange\": 16.0, \"firingModeName\": \"Full Charge\", \"actionIntervalFrames\": 3}]',NULL,NULL,NULL,NULL),(129,'Dapple Dualies',11,16,6,9.8,1,180,24,'',NULL,'[{\"maxDamage\": 36.0, \"minDamage\": 18.0, \"hasOneshot\": null, \"windupFrames\": null, \"inkEfficiency\": 0.66, \"effectiveRange\": 8.5, \"firingModeName\": \"Continuous Fire\", \"actionIntervalFrames\": 5}, {\"maxDamage\": 36.0, \"minDamage\": 18.0, \"hasOneshot\": null, \"windupFrames\": 16, \"inkEfficiency\": 0.66, \"effectiveRange\": 8.5, \"firingModeName\": \"Turret Mode\", \"actionIntervalFrames\": 4}]',NULL,_binary '\0',NULL,NULL),(130,'Dapple Dualies Nouveau',13,14,6,9.8,1,190,24,'',NULL,'[{\"maxDamage\": 36.0, \"minDamage\": 18.0, \"hasOneshot\": null, \"windupFrames\": null, \"inkEfficiency\": 0.66, \"effectiveRange\": 8.5, \"firingModeName\": \"Continuous Fire\", \"actionIntervalFrames\": 5}, {\"maxDamage\": 36.0, \"minDamage\": 18.0, \"hasOneshot\": null, \"windupFrames\": 16, \"inkEfficiency\": 0.66, \"effectiveRange\": 8.5, \"firingModeName\": \"Turret Mode\", \"actionIntervalFrames\": 4}]',NULL,_binary '\0',NULL,NULL),(131,'Dapple Dualies NOC-T',1,10,6,9.8,1,190,24,'',NULL,'[{\"maxDamage\": 36.0, \"minDamage\": 18.0, \"hasOneshot\": null, \"windupFrames\": null, \"inkEfficiency\": 0.66, \"effectiveRange\": 8.5, \"firingModeName\": \"Continuous Fire\", \"actionIntervalFrames\": 5}, {\"maxDamage\": 36.0, \"minDamage\": 18.0, \"hasOneshot\": null, \"windupFrames\": 16, \"inkEfficiency\": 0.66, \"effectiveRange\": 8.5, \"firingModeName\": \"Turret Mode\", \"actionIntervalFrames\": 5}]',NULL,_binary '\0',NULL,NULL),(132,'Splat Dualies',2,13,6,12.5,2,200,50,'',NULL,'[{\"maxDamage\": 30.0, \"minDamage\": 15.0, \"hasOneshot\": null, \"windupFrames\": null, \"inkEfficiency\": 0.72, \"effectiveRange\": 10.8, \"firingModeName\": \"Continuous Fire\", \"actionIntervalFrames\": 5}, {\"maxDamage\": 30.0, \"minDamage\": 15.0, \"hasOneshot\": null, \"windupFrames\": 20, \"inkEfficiency\": 0.72, \"effectiveRange\": 10.8, \"firingModeName\": \"Turret Mode\", \"actionIntervalFrames\": 4}]',NULL,_binary '\0',NULL,NULL),(133,'Enperry Splat Dualies',4,19,6,12.5,2,190,50,'',NULL,'[{\"maxDamage\": 30.0, \"minDamage\": 15.0, \"hasOneshot\": null, \"windupFrames\": null, \"inkEfficiency\": 0.72, \"effectiveRange\": 10.8, \"firingModeName\": \"Continuous Fire\", \"actionIntervalFrames\": 5}, {\"maxDamage\": 30.0, \"minDamage\": 15.0, \"hasOneshot\": null, \"windupFrames\": 20, \"inkEfficiency\": 0.72, \"effectiveRange\": 10.8, \"firingModeName\": \"Turret Mode\", \"actionIntervalFrames\": 4}]',NULL,NULL,NULL,NULL),(134,'Twinklez Splat Dualies',12,2,6,12.5,2,190,50,'',NULL,'[{\"maxDamage\": 30.0, \"minDamage\": 15.0, \"hasOneshot\": null, \"windupFrames\": null, \"inkEfficiency\": 0.72, \"effectiveRange\": 10.8, \"firingModeName\": \"Continuous Fire\", \"actionIntervalFrames\": 5}, {\"maxDamage\": 30.0, \"minDamage\": 15.0, \"hasOneshot\": null, \"windupFrames\": 20, \"inkEfficiency\": 0.72, \"effectiveRange\": 10.8, \"firingModeName\": \"Turret Mode\", \"actionIntervalFrames\": 4}]',NULL,NULL,NULL,NULL),(135,'Order Dualie Replicas',2,13,6,12.5,2,200,50,'',NULL,'[{\"maxDamage\": 30.0, \"minDamage\": 15.0, \"hasOneshot\": null, \"windupFrames\": null, \"inkEfficiency\": 0.72, \"effectiveRange\": 10.8, \"firingModeName\": \"Continuous Fire\", \"actionIntervalFrames\": 5}, {\"maxDamage\": 30.0, \"minDamage\": 15.0, \"hasOneshot\": null, \"windupFrames\": 20, \"inkEfficiency\": 0.72, \"effectiveRange\": 10.8, \"firingModeName\": \"Turret Mode\", \"actionIntervalFrames\": 4}]',NULL,NULL,NULL,NULL),(136,'Glooga Dualies',9,6,6,16.0,2,180,66,'',NULL,'[{\"maxDamage\": 36.0, \"minDamage\": 18.0, \"hasOneshot\": null, \"windupFrames\": null, \"inkEfficiency\": 1.4, \"effectiveRange\": 13.0, \"firingModeName\": \"Continuous Fire\", \"actionIntervalFrames\": 9}, {\"maxDamage\": 52.5, \"minDamage\": 26.3, \"hasOneshot\": null, \"windupFrames\": 28, \"inkEfficiency\": 1.4, \"effectiveRange\": 14.6, \"firingModeName\": \"Turret Mode\", \"actionIntervalFrames\": 9}]',NULL,NULL,NULL,NULL),(137,'Glooga Dualies Deco',8,1,6,16.0,2,190,66,'',NULL,'[{\"maxDamage\": 36.0, \"minDamage\": 18.0, \"hasOneshot\": null, \"windupFrames\": null, \"inkEfficiency\": 1.4, \"effectiveRange\": 13.0, \"firingModeName\": \"Continuous Fire\", \"actionIntervalFrames\": 9}, {\"maxDamage\": 52.5, \"minDamage\": 26.3, \"hasOneshot\": null, \"windupFrames\": 28, \"inkEfficiency\": 1.4, \"effectiveRange\": 14.6, \"firingModeName\": \"Turret Mode\", \"actionIntervalFrames\": 9}]',NULL,_binary '\0',NULL,NULL),(138,'Dualie Squelchers',1,8,6,17.0,2,200,70,'',NULL,'[{\"maxDamage\": 28.0, \"minDamage\": 14.0, \"hasOneshot\": null, \"windupFrames\": null, \"inkEfficiency\": 1.2, \"effectiveRange\": 15.0, \"firingModeName\": \"Continuous Fire\", \"actionIntervalFrames\": 6}, {\"maxDamage\": 28.0, \"minDamage\": 14.0, \"hasOneshot\": null, \"windupFrames\": 24, \"inkEfficiency\": 1.2, \"effectiveRange\": 15.0, \"firingModeName\": \"Turret Mode\", \"actionIntervalFrames\": 6}]',NULL,NULL,NULL,NULL),(139,'Custom Dualie Squelchers',11,17,6,17.0,2,200,70,'',NULL,'[{\"maxDamage\": 28.0, \"minDamage\": 14.0, \"hasOneshot\": null, \"windupFrames\": null, \"inkEfficiency\": 1.2, \"effectiveRange\": 15.0, \"firingModeName\": \"Continuous Fire\", \"actionIntervalFrames\": 6}, {\"maxDamage\": 28.0, \"minDamage\": 14.0, \"hasOneshot\": null, \"windupFrames\": 24, \"inkEfficiency\": 1.2, \"effectiveRange\": 15.0, \"firingModeName\": \"Turret Mode\", \"actionIntervalFrames\": 6}]',NULL,NULL,NULL,NULL),(140,'Hoofz Dualie Squelchers',8,18,6,17.0,2,190,70,'',NULL,'[{\"maxDamage\": 28.0, \"minDamage\": 14.0, \"hasOneshot\": null, \"windupFrames\": null, \"inkEfficiency\": 1.2, \"effectiveRange\": 15.0, \"firingModeName\": \"Continuous Fire\", \"actionIntervalFrames\": 6}, {\"maxDamage\": 28.0, \"minDamage\": 14.0, \"hasOneshot\": null, \"windupFrames\": 24, \"inkEfficiency\": 1.2, \"effectiveRange\": 15.0, \"firingModeName\": \"Turret Mode\", \"actionIntervalFrames\": 6}]',NULL,NULL,NULL,NULL),(141,'Dark Tetra Dualies',5,14,6,14.0,2,200,58,'',NULL,'[{\"maxDamage\": 28.0, \"minDamage\": 14.0, \"hasOneshot\": null, \"windupFrames\": null, \"inkEfficiency\": 0.8, \"effectiveRange\": 12.3, \"firingModeName\": \"Continuous Fire\", \"actionIntervalFrames\": 6}, {\"maxDamage\": 28.0, \"minDamage\": 14.0, \"hasOneshot\": null, \"windupFrames\": 21, \"inkEfficiency\": 0.8, \"effectiveRange\": 12.3, \"firingModeName\": \"Turret Mode\", \"actionIntervalFrames\": 5}]',NULL,NULL,NULL,NULL),(142,'Light Tetra Dualies',10,3,6,14.0,2,190,58,'',NULL,'[{\"maxDamage\": 28.0, \"minDamage\": 14.0, \"hasOneshot\": null, \"windupFrames\": null, \"inkEfficiency\": 0.8, \"effectiveRange\": 12.3, \"firingModeName\": \"Continuous Fire\", \"actionIntervalFrames\": 6}, {\"maxDamage\": 28.0, \"minDamage\": 14.0, \"hasOneshot\": null, \"windupFrames\": 21, \"inkEfficiency\": 0.8, \"effectiveRange\": 12.3, \"firingModeName\": \"Turret Mode\", \"actionIntervalFrames\": 5}]',NULL,NULL,NULL,NULL),(143,'Douser Dualies FF',6,10,6,19.1,2,190,78,'',NULL,'[{\"maxDamage\": 25.5, \"minDamage\": 12.8, \"hasOneshot\": null, \"windupFrames\": null, \"inkEfficiency\": 1.2, \"effectiveRange\": 18.8, \"firingModeName\": \"Continuous Fire\", \"actionIntervalFrames\": 8}, {\"maxDamage\": 25.5, \"minDamage\": 12.8, \"hasOneshot\": null, \"windupFrames\": 26, \"inkEfficiency\": 1.2, \"effectiveRange\": 13.9, \"firingModeName\": \"Turret Mode\", \"actionIntervalFrames\": 4}]',NULL,NULL,NULL,NULL),(144,'Custom Douser Dualies FF',3,15,6,19.1,2,200,78,'',NULL,'[{\"maxDamage\": 25.5, \"minDamage\": 12.8, \"hasOneshot\": null, \"windupFrames\": null, \"inkEfficiency\": 1.2, \"effectiveRange\": 18.8, \"firingModeName\": \"Continuous Fire\", \"actionIntervalFrames\": 8}, {\"maxDamage\": 25.5, \"minDamage\": 12.8, \"hasOneshot\": null, \"windupFrames\": 26, \"inkEfficiency\": 1.2, \"effectiveRange\": 13.9, \"firingModeName\": \"Turret Mode\", \"actionIntervalFrames\": 4}]',NULL,NULL,NULL,NULL),(145,'Splat Brella',10,15,7,12.5,2,210,43,'',NULL,'[{\"maxDamage\": 81.0, \"minDamage\": 10.8, \"hasOneshot\": null, \"windupFrames\": null, \"inkEfficiency\": 5.0, \"effectiveRange\": 10.7, \"firingModeName\": \"Continuous Fire\", \"actionIntervalFrames\": 30}, {\"maxDamage\": 111.0, \"minDamage\": 10.8, \"hasOneshot\": null, \"windupFrames\": 12, \"inkEfficiency\": 35.0, \"effectiveRange\": 10.7, \"firingModeName\": \"Brella Launch\", \"actionIntervalFrames\": 122}]',NULL,_binary '\0',NULL,NULL),(146,'Sorella Brella',5,11,7,12.5,2,210,43,'',NULL,'[{\"maxDamage\": 81.0, \"minDamage\": 10.8, \"hasOneshot\": null, \"windupFrames\": null, \"inkEfficiency\": 5.0, \"effectiveRange\": 10.7, \"firingModeName\": \"Continuous Fire\", \"actionIntervalFrames\": 30}, {\"maxDamage\": 111.0, \"minDamage\": 10.8, \"hasOneshot\": null, \"windupFrames\": 12, \"inkEfficiency\": 35.0, \"effectiveRange\": 10.7, \"firingModeName\": \"Brella Launch\", \"actionIntervalFrames\": 122}]',NULL,NULL,NULL,NULL),(147,'Order Brella Replica',10,15,7,12.5,2,210,43,'',NULL,'[{\"maxDamage\": 81.0, \"minDamage\": 10.8, \"hasOneshot\": null, \"windupFrames\": null, \"inkEfficiency\": 5.0, \"effectiveRange\": 10.7, \"firingModeName\": \"Continuous Fire\", \"actionIntervalFrames\": 30}, {\"maxDamage\": 111.0, \"minDamage\": 10.8, \"hasOneshot\": null, \"windupFrames\": 12, \"inkEfficiency\": 35.0, \"effectiveRange\": 10.7, \"firingModeName\": \"Brella Launch\", \"actionIntervalFrames\": 122}]',NULL,NULL,NULL,NULL),(148,'Tenta Brella',11,9,7,15.0,3,190,82,'',NULL,'[{\"maxDamage\": 119.0, \"minDamage\": 17.0, \"hasOneshot\": null, \"windupFrames\": null, \"inkEfficiency\": 11.0, \"effectiveRange\": 13.5, \"firingModeName\": \"Continuous Fire\", \"actionIntervalFrames\": 52}, {\"maxDamage\": 119.0, \"minDamage\": 17.0, \"hasOneshot\": null, \"windupFrames\": 45, \"inkEfficiency\": 34.0, \"effectiveRange\": 13.5, \"firingModeName\": \"Brella Launch\", \"actionIntervalFrames\": 105}]',NULL,_binary '',NULL,NULL),(149,'Tenta Sorella Brella',6,1,7,15.0,3,200,82,'',NULL,'[{\"maxDamage\": 119.0, \"minDamage\": 17.0, \"hasOneshot\": null, \"windupFrames\": null, \"inkEfficiency\": 11.0, \"effectiveRange\": 13.5, \"firingModeName\": \"Continuous Fire\", \"actionIntervalFrames\": 52}, {\"maxDamage\": 119.0, \"minDamage\": 17.0, \"hasOneshot\": null, \"windupFrames\": 45, \"inkEfficiency\": 34.0, \"effectiveRange\": 13.5, \"firingModeName\": \"Brella Launch\", \"actionIntervalFrames\": 105}]',NULL,_binary '',NULL,NULL),(150,'Tenta Brella CRE-M',7,17,7,15.0,3,180,82,'',NULL,'[{\"maxDamage\": 119.0, \"minDamage\": 17.0, \"hasOneshot\": null, \"windupFrames\": null, \"inkEfficiency\": 11.0, \"effectiveRange\": 13.5, \"firingModeName\": \"Continuous Fire\", \"actionIntervalFrames\": 52}, {\"maxDamage\": 119.0, \"minDamage\": 17.0, \"hasOneshot\": null, \"windupFrames\": 45, \"inkEfficiency\": 34.0, \"effectiveRange\": 13.5, \"firingModeName\": \"Brella Launch\", \"actionIntervalFrames\": 105}]',NULL,NULL,NULL,NULL),(151,'Undercover Brella',6,14,7,11.8,1,180,50,'',NULL,'[{\"maxDamage\": 40.0, \"minDamage\": 9.0, \"hasOneshot\": null, \"windupFrames\": null, \"inkEfficiency\": 4.0, \"effectiveRange\": 11.1, \"firingModeName\": \"Continuous Fire\", \"actionIntervalFrames\": 26}]',NULL,NULL,NULL,NULL),(152,'Undercover Sorella Brella',13,18,7,11.8,1,180,50,'',NULL,'[{\"maxDamage\": 40.0, \"minDamage\": 9.0, \"hasOneshot\": null, \"windupFrames\": null, \"inkEfficiency\": 4.0, \"effectiveRange\": 11.1, \"firingModeName\": \"Continuous Fire\", \"actionIntervalFrames\": 26}]',NULL,NULL,NULL,NULL),(153,'Patternz Undercover Brella',4,10,7,11.8,1,180,50,'',NULL,'[{\"maxDamage\": 40.0, \"minDamage\": 9.0, \"hasOneshot\": null, \"windupFrames\": null, \"inkEfficiency\": 4.0, \"effectiveRange\": 11.1, \"firingModeName\": \"Continuous Fire\", \"actionIntervalFrames\": 26}]',NULL,NULL,NULL,NULL),(154,'Recycled Brella 24 Mk I',14,2,7,14.5,2,190,56,'',NULL,'[{\"maxDamage\": 90.0, \"minDamage\": 10.0, \"hasOneshot\": null, \"windupFrames\": null, \"inkEfficiency\": 6.0, \"effectiveRange\": 12.4, \"firingModeName\": \"Continuous Fire\", \"actionIntervalFrames\": 35}, {\"maxDamage\": 110.0, \"minDamage\": 10.0, \"hasOneshot\": null, \"windupFrames\": 10, \"inkEfficiency\": 21.0, \"effectiveRange\": 12.4, \"firingModeName\": \"Brella Launch\", \"actionIntervalFrames\": 40}]',NULL,_binary '',NULL,NULL),(155,'Recycled Brella 24 Mk II',7,19,7,14.5,2,190,56,'',NULL,'[{\"maxDamage\": 90.0, \"minDamage\": 10.0, \"hasOneshot\": null, \"windupFrames\": null, \"inkEfficiency\": 6.0, \"effectiveRange\": 12.4, \"firingModeName\": \"Continuous Fire\", \"actionIntervalFrames\": 35}, {\"maxDamage\": 110.0, \"minDamage\": 10.0, \"hasOneshot\": null, \"windupFrames\": 10, \"inkEfficiency\": 21.0, \"effectiveRange\": 12.4, \"firingModeName\": \"Brella Launch\", \"actionIntervalFrames\": 40}]',NULL,NULL,NULL,NULL),(156,'Tri-Stringer',7,10,10,25.0,2,190,88,'',NULL,'[{\"maxDamage\": 30.0, \"minDamage\": 30.0, \"hasOneshot\": null, \"windupFrames\": 9, \"inkEfficiency\": 5.0, \"effectiveRange\": 13.0, \"firingModeName\": \"Continuous Fire\", \"actionIntervalFrames\": 12}, {\"maxDamage\": 65.0, \"minDamage\": 35.0, \"hasOneshot\": null, \"windupFrames\": 30, \"inkEfficiency\": 6.0, \"effectiveRange\": 13.0, \"firingModeName\": \"Partial Charge\", \"actionIntervalFrames\": 15}, {\"maxDamage\": 135.0, \"minDamage\": 65.0, \"hasOneshot\": null, \"windupFrames\": 72, \"inkEfficiency\": 8.5, \"effectiveRange\": 23.7, \"firingModeName\": \"Full Charge\", \"actionIntervalFrames\": 15}]',NULL,_binary '',NULL,NULL),(157,'Inkline Tri-Stringer',10,17,10,25.0,2,190,88,'',NULL,'[{\"maxDamage\": 30.0, \"minDamage\": 30.0, \"hasOneshot\": null, \"windupFrames\": 9, \"inkEfficiency\": 5.0, \"effectiveRange\": 13.0, \"firingModeName\": \"Continuous Fire\", \"actionIntervalFrames\": 12}, {\"maxDamage\": 65.0, \"minDamage\": 35.0, \"hasOneshot\": null, \"windupFrames\": 30, \"inkEfficiency\": 6.0, \"effectiveRange\": 13.0, \"firingModeName\": \"Partial Charge\", \"actionIntervalFrames\": 13}, {\"maxDamage\": 135.0, \"minDamage\": 65.0, \"hasOneshot\": null, \"windupFrames\": 72, \"inkEfficiency\": 8.5, \"effectiveRange\": 23.7, \"firingModeName\": \"Full Charge\", \"actionIntervalFrames\": 15}]',NULL,NULL,NULL,NULL),(158,'Bulbz Tri-Stringer',14,11,10,25.0,2,200,88,'',NULL,'[{\"maxDamage\": 30.0, \"minDamage\": 30.0, \"hasOneshot\": null, \"windupFrames\": 9, \"inkEfficiency\": 5.0, \"effectiveRange\": 13.0, \"firingModeName\": \"Continuous Fire\", \"actionIntervalFrames\": 12}, {\"maxDamage\": 65.0, \"minDamage\": 35.0, \"hasOneshot\": null, \"windupFrames\": 30, \"inkEfficiency\": 6.0, \"effectiveRange\": null, \"firingModeName\": \"Partial Charge\", \"actionIntervalFrames\": 15}, {\"maxDamage\": 135.0, \"minDamage\": 65.0, \"hasOneshot\": null, \"windupFrames\": 72, \"inkEfficiency\": 8.5, \"effectiveRange\": 23.7, \"firingModeName\": \"Full Charge\", \"actionIntervalFrames\": 15}]',NULL,NULL,NULL,NULL),(159,'Order Stringer Replica',7,10,10,25.0,2,190,88,'',NULL,'[{\"maxDamage\": 30.0, \"minDamage\": 30.0, \"hasOneshot\": null, \"windupFrames\": 9, \"inkEfficiency\": 5.0, \"effectiveRange\": 13.0, \"firingModeName\": \"Continuous Fire\", \"actionIntervalFrames\": 12}, {\"maxDamage\": 65.0, \"minDamage\": 35.0, \"hasOneshot\": null, \"windupFrames\": 30, \"inkEfficiency\": 6.0, \"effectiveRange\": 13.0, \"firingModeName\": \"Partial Charge\", \"actionIntervalFrames\": 15}, {\"maxDamage\": 135.0, \"minDamage\": 65.0, \"hasOneshot\": null, \"windupFrames\": 72, \"inkEfficiency\": 8.5, \"effectiveRange\": 23.7, \"firingModeName\": \"Full Charge\", \"actionIntervalFrames\": 15}]',NULL,NULL,NULL,NULL),(160,'REEF-LUX 450',4,4,10,15.0,1,210,60,'',NULL,'[{\"maxDamage\": 30.0, \"minDamage\": 30.0, \"hasOneshot\": null, \"windupFrames\": 6, \"inkEfficiency\": 3.5, \"effectiveRange\": 8.6, \"firingModeName\": \"Continuous Fire\", \"actionIntervalFrames\": 8}, {\"maxDamage\": 135.0, \"minDamage\": 45.0, \"hasOneshot\": null, \"windupFrames\": 34, \"inkEfficiency\": 6.5, \"effectiveRange\": 15.0, \"firingModeName\": \"Full Charge\", \"actionIntervalFrames\": 15}]',NULL,NULL,NULL,NULL),(161,'REEF-LUX 450 Deco',9,14,10,15.0,1,200,60,'',NULL,'[{\"maxDamage\": 30.0, \"minDamage\": 30.0, \"hasOneshot\": null, \"windupFrames\": 6, \"inkEfficiency\": 3.5, \"effectiveRange\": 8.6, \"firingModeName\": \"Continuous Fire\", \"actionIntervalFrames\": 8}, {\"maxDamage\": 135.0, \"minDamage\": 45.0, \"hasOneshot\": null, \"windupFrames\": 34, \"inkEfficiency\": 6.5, \"effectiveRange\": 15.0, \"firingModeName\": \"Full Charge\", \"actionIntervalFrames\": 15}]',NULL,NULL,NULL,NULL),(162,'REEF-LUX 450 MIL-K',13,6,10,15.0,1,210,60,'',NULL,'[{\"maxDamage\": 30.0, \"minDamage\": 30.0, \"hasOneshot\": null, \"windupFrames\": 6, \"inkEfficiency\": 3.5, \"effectiveRange\": 8.6, \"firingModeName\": \"Continuous Fire\", \"actionIntervalFrames\": 8}, {\"maxDamage\": 135.0, \"minDamage\": 45.0, \"hasOneshot\": null, \"windupFrames\": 34, \"inkEfficiency\": 6.5, \"effectiveRange\": 15.0, \"firingModeName\": \"Full Charge\", \"actionIntervalFrames\": 15}]',NULL,NULL,NULL,NULL),(163,'Wellstring V',5,12,10,23.0,3,200,83,'',NULL,'[{\"maxDamage\": 72.0, \"minDamage\": 24.0, \"hasOneshot\": null, \"windupFrames\": 12, \"inkEfficiency\": 7.0, \"effectiveRange\": 9.0, \"firingModeName\": \"Continuous Fire\", \"actionIntervalFrames\": 12}, {\"maxDamage\": 120.0, \"minDamage\": 24.0, \"hasOneshot\": null, \"windupFrames\": 40, \"inkEfficiency\": 8.0, \"effectiveRange\": 14.2, \"firingModeName\": \"Partial Charge\", \"actionIntervalFrames\": 15}, {\"maxDamage\": 120.0, \"minDamage\": 30.0, \"hasOneshot\": null, \"windupFrames\": 80, \"inkEfficiency\": 9.0, \"effectiveRange\": 21.6, \"firingModeName\": \"Full Charge\", \"actionIntervalFrames\": 15}]',NULL,_binary '\0',NULL,NULL),(164,'Custom Wellstring V',8,8,10,23.0,3,200,83,'',NULL,'[{\"maxDamage\": 72.0, \"minDamage\": 24.0, \"hasOneshot\": null, \"windupFrames\": 12, \"inkEfficiency\": 7.0, \"effectiveRange\": 9.0, \"firingModeName\": \"Continuous Fire\", \"actionIntervalFrames\": 12}, {\"maxDamage\": 120.0, \"minDamage\": 24.0, \"hasOneshot\": null, \"windupFrames\": 40, \"inkEfficiency\": 8.0, \"effectiveRange\": 14.2, \"firingModeName\": \"Partial Charge\", \"actionIntervalFrames\": 15}, {\"maxDamage\": 120.0, \"minDamage\": 30.0, \"hasOneshot\": null, \"windupFrames\": 80, \"inkEfficiency\": 9.0, \"effectiveRange\": 21.6, \"firingModeName\": \"Full Charge\", \"actionIntervalFrames\": 15}]',NULL,NULL,NULL,NULL),(165,'Splatana Stamper',3,3,11,16.5,2,210,75,'',NULL,'[{\"maxDamage\": 55.0, \"minDamage\": 35.0, \"hasOneshot\": null, \"windupFrames\": null, \"inkEfficiency\": 5.2, \"effectiveRange\": 18.7, \"firingModeName\": \"Horizontal Swing/Slash\", \"actionIntervalFrames\": 26}, {\"maxDamage\": 210.0, \"minDamage\": 70.0, \"hasOneshot\": null, \"windupFrames\": 20, \"inkEfficiency\": 11.7, \"effectiveRange\": 22.1, \"firingModeName\": \"Vertical Swing/Slash\", \"actionIntervalFrames\": 22}]',NULL,NULL,NULL,NULL),(166,'Splatana Stamper Nouveau',7,13,11,16.5,2,210,75,'',NULL,'[{\"maxDamage\": 55.0, \"minDamage\": 35.0, \"hasOneshot\": null, \"windupFrames\": null, \"inkEfficiency\": 5.2, \"effectiveRange\": 18.7, \"firingModeName\": \"Horizontal Swing/Slash\", \"actionIntervalFrames\": 26}, {\"maxDamage\": 210.0, \"minDamage\": 70.0, \"hasOneshot\": null, \"windupFrames\": 20, \"inkEfficiency\": 11.7, \"effectiveRange\": 22.1, \"firingModeName\": \"Vertical Swing/Slash\", \"actionIntervalFrames\": 22}]',NULL,NULL,NULL,NULL),(167,'Stickerz Splatana Stamper',5,6,11,16.5,2,190,75,'',NULL,'[{\"maxDamage\": 55.0, \"minDamage\": 35.0, \"hasOneshot\": null, \"windupFrames\": null, \"inkEfficiency\": 5.2, \"effectiveRange\": 18.7, \"firingModeName\": \"Horizontal Swing/Slash\", \"actionIntervalFrames\": 26}, {\"maxDamage\": 210.0, \"minDamage\": 70.0, \"hasOneshot\": null, \"windupFrames\": 20, \"inkEfficiency\": 11.7, \"effectiveRange\": 22.1, \"firingModeName\": \"Vertical Swing/Slash\", \"actionIntervalFrames\": 22}]',NULL,NULL,NULL,NULL),(168,'Order Splatana Replica',3,3,11,16.5,2,210,75,'',NULL,'[{\"maxDamage\": 55.0, \"minDamage\": 35.0, \"hasOneshot\": null, \"windupFrames\": null, \"inkEfficiency\": 5.2, \"effectiveRange\": 18.7, \"firingModeName\": \"Horizontal Swing/Slash\", \"actionIntervalFrames\": 26}, {\"maxDamage\": 210.0, \"minDamage\": 70.0, \"hasOneshot\": null, \"windupFrames\": 20, \"inkEfficiency\": 11.7, \"effectiveRange\": 22.1, \"firingModeName\": \"Vertical Swing/Slash\", \"actionIntervalFrames\": 22}]',NULL,NULL,NULL,NULL),(169,'Splatana Wiper',13,12,11,13.0,1,190,58,'',NULL,'[{\"maxDamage\": 45.0, \"minDamage\": 30.0, \"hasOneshot\": null, \"windupFrames\": null, \"inkEfficiency\": 3.0, \"effectiveRange\": 15.0, \"firingModeName\": \"Horizontal Swing/Slash\", \"actionIntervalFrames\": 16}, {\"maxDamage\": 180.0, \"minDamage\": 60.0, \"hasOneshot\": null, \"windupFrames\": 14, \"inkEfficiency\": 6.0, \"effectiveRange\": 18.1, \"firingModeName\": \"Vertical Swing/Slash\", \"actionIntervalFrames\": 22}]',NULL,_binary '\0',NULL,NULL),(170,'Splatana Wiper Deco',11,4,11,13.0,1,190,58,'',NULL,'[{\"maxDamage\": 45.0, \"minDamage\": 30.0, \"hasOneshot\": null, \"windupFrames\": null, \"inkEfficiency\": 3.0, \"effectiveRange\": 15.0, \"firingModeName\": \"Horizontal Swing/Slash\", \"actionIntervalFrames\": 16}, {\"maxDamage\": 180.0, \"minDamage\": 60.0, \"hasOneshot\": null, \"windupFrames\": 14, \"inkEfficiency\": 6.0, \"effectiveRange\": 18.1, \"firingModeName\": \"Vertical Swing/Slash\", \"actionIntervalFrames\": 22}]',NULL,NULL,NULL,NULL),(171,'Splatana Wiper RUS-T',4,1,11,13.0,1,190,58,'',NULL,'[{\"maxDamage\": 45.0, \"minDamage\": 30.0, \"hasOneshot\": null, \"windupFrames\": null, \"inkEfficiency\": 3.0, \"effectiveRange\": 15.0, \"firingModeName\": \"Horizontal Swing/Slash\", \"actionIntervalFrames\": 16}, {\"maxDamage\": 180.0, \"minDamage\": 60.0, \"hasOneshot\": null, \"windupFrames\": 14, \"inkEfficiency\": 6.0, \"effectiveRange\": 18.1, \"firingModeName\": \"Vertical Swing/Slash\", \"actionIntervalFrames\": 22}]',NULL,NULL,NULL,NULL),(172,'Mint Decavitator',2,2,11,15.0,2,210,63,'',NULL,'[{\"maxDamage\": 70.0, \"minDamage\": 40.0, \"hasOneshot\": null, \"windupFrames\": null, \"inkEfficiency\": 6.5, \"effectiveRange\": 15.6, \"firingModeName\": \"Horizontal Swing/Slash\", \"actionIntervalFrames\": 30}, {\"maxDamage\": 240.0, \"minDamage\": 80.0, \"hasOneshot\": null, \"windupFrames\": 20, \"inkEfficiency\": 13.0, \"effectiveRange\": 16.4, \"firingModeName\": \"Full Charge\", \"actionIntervalFrames\": 32}]',NULL,NULL,NULL,NULL),(173,'Charcoal Decavitator',9,11,11,15.0,2,200,63,'',NULL,'[{\"maxDamage\": 70.0, \"minDamage\": 40.0, \"hasOneshot\": null, \"windupFrames\": null, \"inkEfficiency\": 6.5, \"effectiveRange\": 15.6, \"firingModeName\": \"Horizontal Swing/Slash\", \"actionIntervalFrames\": 30}, {\"maxDamage\": 240.0, \"minDamage\": 80.0, \"hasOneshot\": null, \"windupFrames\": 20, \"inkEfficiency\": 13.0, \"effectiveRange\": 16.4, \"firingModeName\": \"Full Charge\", \"actionIntervalFrames\": 32}]',NULL,_binary '\0',NULL,NULL);
/*!40000 ALTER TABLE `weapons` ENABLE KEYS */;
UNLOCK TABLES;

--
-- Table structure for table `weight`
--

DROP TABLE IF EXISTS `weight`;
/*!40101 SET @saved_cs_client     = @@character_set_client */;
/*!50503 SET character_set_client = utf8mb4 */;
CREATE TABLE `weight` (
  `weight_id` int NOT NULL,
  `weight_name` varchar(45) DEFAULT NULL,
  PRIMARY KEY (`weight_id`)
) ENGINE=InnoDB DEFAULT CHARSET=utf8mb4 COLLATE=utf8mb4_0900_ai_ci;
/*!40101 SET character_set_client = @saved_cs_client */;

--
-- Dumping data for table `weight`
--

LOCK TABLES `weight` WRITE;
/*!40000 ALTER TABLE `weight` DISABLE KEYS */;
INSERT INTO `weight` VALUES (1,'Lightweight'),(2,'Middleweight'),(3,'Heavyweight');
/*!40000 ALTER TABLE `weight` ENABLE KEYS */;
UNLOCK TABLES;
SET @@SESSION.SQL_LOG_BIN = @MYSQLDUMP_TEMP_LOG_BIN;
/*!40103 SET TIME_ZONE=@OLD_TIME_ZONE */;

/*!40101 SET SQL_MODE=@OLD_SQL_MODE */;
/*!40014 SET FOREIGN_KEY_CHECKS=@OLD_FOREIGN_KEY_CHECKS */;
/*!40014 SET UNIQUE_CHECKS=@OLD_UNIQUE_CHECKS */;
/*!40101 SET CHARACTER_SET_CLIENT=@OLD_CHARACTER_SET_CLIENT */;
/*!40101 SET CHARACTER_SET_RESULTS=@OLD_CHARACTER_SET_RESULTS */;
/*!40101 SET COLLATION_CONNECTION=@OLD_COLLATION_CONNECTION */;
/*!40111 SET SQL_NOTES=@OLD_SQL_NOTES */;

-- Dump completed on 2026-06-09 14:27:19
